0.000000000000000000e+00,5.274100000000000454e-01,-1.096400000000000013e-01,3.112400000000000166e-01
0.000000000000000000e+00,6.387599999999999945e-01,-3.513299999999999756e-01,3.275899999999999923e-01
0.000000000000000000e+00,3.139899999999999913e-01,-9.841700000000000448e-02,9.436099999999999488e-01
0.000000000000000000e+00,2.096399999999999930e-01,-5.374199999999999811e-02,8.177600000000000424e-01
0.000000000000000000e+00,7.215200000000000502e-01,-2.330599999999999894e-01,2.337899999999999978e-01
0.000000000000000000e+00,3.158199999999999896e-01,-1.410800000000000110e-01,2.328399999999999914e-01
0.000000000000000000e+00,-1.199800000000000033e-01,-4.604199999999999959e-01,-1.259699999999999986e-01
0.000000000000000000e+00,7.158299999999999663e-01,-4.060599999999999765e-01,4.254200000000000342e-02
0.000000000000000000e+00,6.444800000000000528e-01,-6.011199999999999877e-01,2.446699999999999986e-01
0.000000000000000000e+00,4.278299999999999881e-01,-6.426399999999999890e-01,1.210699999999999971e-01
0.000000000000000000e+00,6.691500000000000226e-01,-5.322200000000000264e-01,3.052400000000000113e-01
0.000000000000000000e+00,4.636199999999999766e-01,-2.668400000000000216e-01,6.635299999999999532e-01
0.000000000000000000e+00,5.317100000000000160e-01,-7.666199999999999681e-01,-3.470699999999999896e-01
0.000000000000000000e+00,1.714900000000000035e-01,-5.789400000000000102e-01,3.996700000000000252e-01
0.000000000000000000e+00,7.784600000000000408e-01,-1.509699999999999931e-01,5.884500000000000286e-01
0.000000000000000000e+00,3.132300000000000084e-01,-4.880399999999999738e-01,7.416899999999999882e-02
0.000000000000000000e+00,5.143900000000000139e-01,-5.128899999999999570e-01,5.448800000000000310e-01
0.000000000000000000e+00,-4.861200000000000243e-02,-1.427499999999999880e-01,3.650999999999999801e-01
0.000000000000000000e+00,6.284100000000000241e-01,-9.673199999999999577e-01,-1.976600000000000024e-01
0.000000000000000000e+00,5.973000000000000531e-01,-1.736499999999999988e-01,2.658499999999999752e-01
0.000000000000000000e+00,2.459600000000000120e-01,-5.326699999999999768e-01,8.207399999999999418e-02
0.000000000000000000e+00,3.443899999999999739e-01,1.114699999999999996e-01,3.806100000000000039e-01
0.000000000000000000e+00,-2.473599999999999844e-03,-1.600699999999999901e-01,8.464500000000000357e-01
0.000000000000000000e+00,9.244999999999999885e-01,-1.643799999999999983e-01,2.750299999999999967e-01
0.000000000000000000e+00,9.602800000000000225e-02,-5.475600000000000467e-01,3.939799999999999969e-01
0.000000000000000000e+00,5.761300000000000310e-01,-2.611100000000000088e-01,2.555700000000000194e-01
0.000000000000000000e+00,-1.128900000000000042e-01,1.932099999999999929e-01,7.518399999999999528e-01
0.000000000000000000e+00,2.988600000000000145e-01,7.728300000000000447e-02,6.190600000000000547e-01
0.000000000000000000e+00,6.825900000000000301e-01,-1.598799999999999943e-01,1.922599999999999865e-01
0.000000000000000000e+00,6.496499999999999497e-01,-5.528999999999999471e-01,2.427800000000000097e-02
0.000000000000000000e+00,6.066300000000000026e-01,-7.099499999999999700e-01,-3.497500000000000053e-01
0.000000000000000000e+00,6.888499999999999623e-01,-1.371900000000000064e-01,4.555400000000000005e-01
0.000000000000000000e+00,5.068000000000000282e-01,1.147800000000000036e-02,8.801999999999999824e-01
0.000000000000000000e+00,6.809600000000000097e-01,-4.131699999999999817e-01,-6.298700000000000410e-01
0.000000000000000000e+00,-1.159199999999999987e-02,-3.863400000000000167e-01,1.918999999999999873e-01
0.000000000000000000e+00,5.390800000000000036e-01,7.033699999999999675e-02,1.743800000000000072e-01
0.000000000000000000e+00,-5.408299999999999913e-02,1.713600000000000123e-01,3.415500000000000203e-01
0.000000000000000000e+00,6.136500000000000288e-01,3.064200000000000257e-01,6.801399999999999668e-01
0.000000000000000000e+00,4.056199999999999806e-01,1.950500000000000012e-01,3.084899999999999864e-01
0.000000000000000000e+00,9.493300000000000349e-02,-2.582599999999999896e-01,1.810299999999999965e-01
0.000000000000000000e+00,7.413999999999999480e-01,-6.187000000000000277e-01,6.251900000000000512e-02
0.000000000000000000e+00,7.112800000000000233e-01,-8.220700000000000229e-02,-8.182499999999999496e-02
0.000000000000000000e+00,3.796300000000000230e-01,-5.641800000000000148e-01,4.462599999999999900e-01
0.000000000000000000e+00,5.986799999999999899e-01,-9.528100000000000458e-02,3.789799999999999836e-01
0.000000000000000000e+00,2.581700000000000106e-01,-6.715200000000000058e-01,1.230200000000000043e-01
0.000000000000000000e+00,7.987100000000000311e-01,2.925800000000000067e-01,8.544100000000000028e-01
0.000000000000000000e+00,2.450900000000000023e-01,-7.323300000000000365e-01,1.265100000000000079e-02
0.000000000000000000e+00,-1.665200000000000014e-01,-1.669200000000000128e-01,3.349300000000000194e-02
0.000000000000000000e+00,8.906400000000000428e-02,-5.379099999999999993e-01,7.140299999999999599e-03
0.000000000000000000e+00,6.052100000000000257e-01,-2.624900000000000011e-01,1.630800000000000027e-01
0.000000000000000000e+00,2.569699999999999762e-01,-4.161900000000000044e-01,5.334100000000000508e-01
0.000000000000000000e+00,7.492900000000000116e-01,-4.814299999999999830e-02,5.448399999999999910e-01
0.000000000000000000e+00,4.888299999999999867e-01,6.623900000000000621e-02,3.655900000000000261e-01
0.000000000000000000e+00,6.336000000000000520e-01,-7.766300000000000425e-01,3.937499999999999889e-01
0.000000000000000000e+00,1.840700000000000114e-01,1.655099999999999905e-01,5.208700000000000552e-01
0.000000000000000000e+00,6.594999999999999751e-01,-3.690200000000000147e-01,3.518100000000000116e-01
0.000000000000000000e+00,4.181199999999999917e-01,-5.128399999999999626e-01,-5.194200000000000206e-02
0.000000000000000000e+00,3.506199999999999872e-01,-4.536600000000000077e-01,-2.769199999999999995e-01
0.000000000000000000e+00,2.733700000000000019e-01,-9.889000000000000568e-02,3.314699999999999869e-01
0.000000000000000000e+00,4.051199999999999801e-01,-4.050599999999999756e-01,7.153699999999999504e-01
0.000000000000000000e+00,1.247999999999999943e-01,-2.285300000000000109e-01,-2.057700000000000085e-01
0.000000000000000000e+00,8.458499999999999908e-01,-7.597599999999999909e-01,-1.276100000000000012e-01
0.000000000000000000e+00,2.120799999999999942e-03,-2.692899999999999738e-01,4.238299999999999845e-01
0.000000000000000000e+00,2.158499999999999863e-01,-3.108299999999999952e-01,3.523800000000000265e-01
0.000000000000000000e+00,8.230600000000000138e-01,-9.578399999999999415e-02,-1.081400000000000000e-01
0.000000000000000000e+00,6.662599999999999634e-01,-3.784500000000000086e-01,2.819200000000000005e-03
0.000000000000000000e+00,2.601499999999999924e-01,-2.353899999999999881e-01,3.014299999999999757e-01
0.000000000000000000e+00,7.393399999999999972e-01,-3.862900000000000222e-01,-7.590800000000000325e-02
0.000000000000000000e+00,7.740399999999999503e-01,-6.560300000000000020e-01,3.740700000000000136e-01
0.000000000000000000e+00,2.073299999999999865e-01,-2.272000000000000061e-02,-7.991299999999999792e-02
0.000000000000000000e+00,5.301399999999999446e-01,-2.371000000000000052e-01,8.089100000000000179e-01
0.000000000000000000e+00,3.757199999999999984e-01,1.264000000000000123e-01,2.667999999999999816e-01
0.000000000000000000e+00,9.793000000000000316e-02,-2.558799999999999963e-01,7.418400000000000549e-01
0.000000000000000000e+00,6.313100000000000656e-02,-3.536799999999999944e-01,6.655200000000000005e-01
0.000000000000000000e+00,1.846500000000000086e-01,-1.708800000000000041e-01,3.838699999999999890e-01
0.000000000000000000e+00,5.224600000000000355e-01,-7.562800000000000078e-02,-3.873700000000000060e-02
0.000000000000000000e+00,6.542199999999999405e-02,4.369100000000000206e-01,5.597800000000000553e-01
0.000000000000000000e+00,4.069200000000000039e-01,-3.261100000000000110e-01,8.491800000000000459e-01
0.000000000000000000e+00,8.517400000000000526e-01,-1.646499999999999908e-01,-3.465800000000000131e-02
0.000000000000000000e+00,4.279800000000000271e-01,-1.022099999999999953e-01,1.226999999999999966e-02
0.000000000000000000e+00,2.112700000000000133e-01,-7.517300000000000093e-01,1.983700000000000047e-02
0.000000000000000000e+00,5.045500000000000540e-01,-6.837199999999999944e-01,-2.886199999999999877e-01
0.000000000000000000e+00,4.989600000000000146e-01,-4.178000000000000047e-01,1.831699999999999995e-01
0.000000000000000000e+00,4.579400000000000137e-01,-3.736200000000000077e-01,4.592700000000000116e-01
0.000000000000000000e+00,4.530699999999999728e-01,-6.414400000000000102e-01,4.238199999999999745e-01
0.000000000000000000e+00,1.131299999999999945e-01,-9.846599999999999797e-01,-1.591499999999999859e-02
0.000000000000000000e+00,6.337599999999999900e-01,2.672700000000000076e-02,3.159000000000000141e-01
0.000000000000000000e+00,1.819500000000000006e-01,-1.348500000000000046e-02,7.137499999999999956e-01
0.000000000000000000e+00,1.529099999999999904e-01,-8.945100000000000273e-02,-6.067800000000000277e-02
0.000000000000000000e+00,3.976100000000000190e-01,-2.482699999999999907e-01,2.592200000000000060e-01
0.000000000000000000e+00,-9.283299999999999885e-02,-4.502999999999999781e-01,3.246999999999999886e-01
0.000000000000000000e+00,6.454900000000000082e-01,-1.125599999999999934e-01,-1.850199999999999900e-01
0.000000000000000000e+00,5.786000000000000032e-01,-4.038499999999999868e-01,-2.233799999999999952e-01
0.000000000000000000e+00,8.711499999999999799e-01,5.604900000000000160e-02,-2.991599999999999815e-01
0.000000000000000000e+00,1.615399999999999892e-01,-5.999200000000000088e-01,3.208400000000000141e-01
0.000000000000000000e+00,1.664700000000000069e-01,-5.902300000000000324e-01,-5.871900000000000036e-02
0.000000000000000000e+00,4.041199999999999792e-01,-6.200299999999999701e-01,-3.741300000000000181e-01
0.000000000000000000e+00,3.294199999999999906e-01,-2.153299999999999936e-01,5.178700000000000274e-04
0.000000000000000000e+00,3.297399999999999776e-01,-3.557799999999999851e-01,2.538800000000000084e-02
0.000000000000000000e+00,2.698800000000000088e-01,-4.228100000000000191e-01,2.911900000000000044e-01
0.000000000000000000e+00,1.070099999999999940e-01,-1.092200000000000060e+00,-1.476800000000000057e-01
0.000000000000000000e+00,5.348800000000000221e-01,-2.942299999999999915e-01,2.882600000000000162e-01
0.000000000000000000e+00,2.288699999999999901e-01,-2.813999999999999835e-01,1.062300000000000050e-01
0.000000000000000000e+00,4.543200000000000016e-01,-2.179599999999999871e-01,6.761799999999999755e-02
0.000000000000000000e+00,6.650599999999999845e-01,-4.470400000000000068e-02,3.456099999999999728e-01
0.000000000000000000e+00,4.816199999999999926e-01,-5.582300000000000040e-01,3.137499999999999734e-01
0.000000000000000000e+00,6.393699999999999939e-01,8.549099999999999755e-02,-2.014200000000000018e-02
0.000000000000000000e+00,6.100999999999999757e-01,-4.035900000000000043e-01,-1.585199999999999942e-01
0.000000000000000000e+00,5.901800000000000379e-01,-4.972900000000000237e-02,3.536400000000000099e-01
0.000000000000000000e+00,2.182199999999999973e-01,1.292100000000000019e-03,6.122699999999999809e-01
0.000000000000000000e+00,4.549799999999999955e-01,-1.666900000000000048e-01,5.305300000000000293e-02
0.000000000000000000e+00,5.240599999999999703e-01,-6.970199999999999729e-01,-2.935300000000000131e-01
0.000000000000000000e+00,4.504799999999999915e-01,-6.771800000000000042e-01,-2.538199999999999901e-01
0.000000000000000000e+00,1.211799999999999961e-01,4.580400000000000027e-01,5.199899999999999523e-01
0.000000000000000000e+00,3.746599999999999930e-01,-2.368500000000000050e-01,8.442300000000000360e-01
0.000000000000000000e+00,5.123199999999999976e-01,-9.745000000000000329e-01,-2.473599999999999965e-01
0.000000000000000000e+00,4.047399999999999887e-01,-1.531299999999999883e-01,2.741600000000000148e-01
0.000000000000000000e+00,4.939600000000000102e-01,-6.623299999999999743e-01,-3.924000000000000266e-01
0.000000000000000000e+00,6.061199999999999921e-01,-4.566799999999999748e-01,-6.065000000000000391e-01
0.000000000000000000e+00,4.121000000000000218e-01,-1.471999999999999975e-01,-4.582200000000000162e-01
0.000000000000000000e+00,6.584499999999999797e-01,-1.446900000000000130e-01,1.043800000000000061e+00
0.000000000000000000e+00,7.391600000000000392e-01,-3.608700000000000241e-01,3.883000000000000167e-03
0.000000000000000000e+00,7.443800000000000416e-01,-4.847600000000000242e-01,4.685400000000000120e-01
0.000000000000000000e+00,4.056699999999999751e-01,-7.423399999999999443e-02,6.320900000000000407e-01
0.000000000000000000e+00,7.314100000000000046e-01,-9.358900000000000552e-02,1.667599999999999916e-01
0.000000000000000000e+00,2.464699999999999946e-01,-1.129700000000000010e-01,1.859800000000000064e-01
0.000000000000000000e+00,2.805099999999999816e-01,-4.194599999999999995e-01,-3.544300000000000228e-02
0.000000000000000000e+00,4.998099999999999765e-01,-3.058200000000000154e-02,5.673500000000000210e-01
0.000000000000000000e+00,3.227999999999999758e-01,1.786300000000000110e-01,2.871900000000000008e-01
0.000000000000000000e+00,1.295499999999999985e-01,-4.749399999999999733e-01,5.698800000000000532e-01
0.000000000000000000e+00,2.157699999999999896e-01,2.886799999999999922e-01,3.068199999999999816e-01
0.000000000000000000e+00,2.612499999999999822e-01,4.632200000000000206e-02,5.088300000000000045e-01
0.000000000000000000e+00,6.228700000000000347e-01,-5.437499999999999556e-01,-1.676799999999999957e-01
0.000000000000000000e+00,6.125300000000000189e-01,-6.534600000000000408e-01,-3.045300000000000229e-01
0.000000000000000000e+00,4.336699999999999999e-01,2.875799999999999884e-02,6.289500000000000646e-02
0.000000000000000000e+00,1.963300000000000045e-01,6.476700000000000512e-02,4.250900000000000234e-01
0.000000000000000000e+00,4.714300000000000157e-01,-1.551500000000000101e-01,6.649199999999999555e-01
0.000000000000000000e+00,4.362900000000000111e-01,-3.202900000000000191e-01,3.238699999999999912e-02
0.000000000000000000e+00,3.254500000000000171e-01,-1.051399999999999890e+00,-2.012700000000000045e-01
0.000000000000000000e+00,7.030999999999999750e-02,-3.577799999999999869e-01,3.316800000000000304e-02
0.000000000000000000e+00,-5.834500000000000103e-02,-3.597400000000000042e-01,9.318800000000000416e-01
0.000000000000000000e+00,-1.285100000000000131e-01,-6.587500000000000300e-02,2.131200000000000039e-01
0.000000000000000000e+00,4.768299999999999761e-01,-3.282900000000000262e-01,1.496899999999999897e-01
0.000000000000000000e+00,4.030099999999999794e-01,-3.715399999999999814e-01,-5.016699999999999493e-01
0.000000000000000000e+00,5.752000000000000446e-01,-5.561500000000000332e-01,5.885899999999999466e-01
0.000000000000000000e+00,4.802899999999999947e-01,-5.819900000000000073e-01,-6.354300000000000503e-01
0.000000000000000000e+00,3.436299999999999910e-01,-9.750100000000000433e-02,1.141299999999999953e-01
0.000000000000000000e+00,2.495400000000000118e-01,3.615900000000000225e-01,6.235699999999999577e-01
0.000000000000000000e+00,6.382499999999999840e-01,-1.531899999999999928e-01,7.443999999999999506e-01
0.000000000000000000e+00,7.916600000000000303e-01,-4.021899999999999920e-01,6.756299999999999528e-01
0.000000000000000000e+00,3.865600000000000147e-01,4.093299999999999716e-02,6.163600000000000190e-01
0.000000000000000000e+00,5.578999999999999515e-01,-7.497200000000000530e-01,5.530299999999999799e-02
0.000000000000000000e+00,4.050500000000000211e-01,-4.035000000000000253e-01,-9.922000000000000264e-02
0.000000000000000000e+00,4.502800000000000136e-01,4.004699999999999926e-01,5.490000000000000435e-01
0.000000000000000000e+00,4.571100000000000163e-01,2.897699999999999929e-02,7.201699999999999768e-01
0.000000000000000000e+00,3.823900000000000077e-01,9.053200000000000136e-02,4.600600000000000245e-01
0.000000000000000000e+00,4.131900000000000017e-01,-4.854399999999999826e-01,1.010100000000000026e-01
0.000000000000000000e+00,2.740199999999999858e-01,-6.348000000000000309e-01,-3.737500000000000266e-01
0.000000000000000000e+00,5.120900000000000452e-01,-6.725900000000000212e-01,-5.878599999999999798e-02
0.000000000000000000e+00,2.356100000000000139e-01,-5.654299999999999882e-01,-1.186900000000000038e-01
0.000000000000000000e+00,-5.426899999999999780e-02,-1.257099999999999884e-01,7.108900000000000219e-01
0.000000000000000000e+00,1.509000000000000064e-01,-4.278299999999999638e-03,-2.090299999999999936e-01
0.000000000000000000e+00,3.041499999999999759e-01,1.461399999999999921e-01,2.847299999999999831e-01
0.000000000000000000e+00,1.234699999999999964e-01,-4.248100000000000209e-01,8.377500000000000224e-02
0.000000000000000000e+00,6.492999999999999883e-01,-3.849500000000000144e-01,2.775799999999999934e-01
1.000000000000000000e+00,-1.018299999999999934e-02,-3.030100000000000016e-01,-6.604600000000000470e-01
1.000000000000000000e+00,1.035799999999999915e-02,-6.854099999999999637e-01,-2.803299999999999889e-02
1.000000000000000000e+00,-3.774399999999999977e-01,-5.398699999999999610e-01,4.213500000000000023e-01
1.000000000000000000e+00,-3.394300000000000095e-01,-1.488099999999999978e-01,-2.560799999999999743e-01
1.000000000000000000e+00,-2.543900000000000050e-01,-5.175199999999999800e-01,1.777899999999999966e-02
1.000000000000000000e+00,-3.503999999999999893e-01,5.366400000000000337e-02,-1.752499999999999891e-01
1.000000000000000000e+00,-4.121099999999999763e-01,-1.513100000000000001e-01,-4.632100000000000106e-01
1.000000000000000000e+00,-3.607799999999999896e-01,-1.122400000000000064e-01,-7.529900000000000482e-01
1.000000000000000000e+00,-1.622200000000000031e-01,5.648899999999999755e-02,-2.935300000000000131e-01
1.000000000000000000e+00,-5.338100000000000067e-01,-6.421400000000000441e-01,-1.749600000000000044e-01
1.000000000000000000e+00,-3.137900000000000134e-01,-2.172399999999999887e-01,6.737700000000000633e-02
1.000000000000000000e+00,-3.439499999999999780e-01,1.406600000000000072e-01,-2.831600000000000228e-01
1.000000000000000000e+00,-6.128299999999999859e-01,-4.887400000000000078e-01,-7.337700000000000333e-01
1.000000000000000000e+00,-5.680899999999999839e-01,2.773300000000000209e-01,-2.000000000000000111e-01
1.000000000000000000e+00,-2.700400000000000023e-01,-3.005200000000000093e-01,-3.869600000000000262e-01
1.000000000000000000e+00,-4.796599999999999753e-01,-5.274600000000000399e-01,1.447199999999999875e-01
1.000000000000000000e+00,-6.172900000000000054e-01,-1.299299999999999899e-01,5.526500000000000162e-02
1.000000000000000000e+00,-4.154399999999999760e-01,-7.841399999999999482e-01,-1.150499999999999995e-01
1.000000000000000000e+00,-2.087299999999999989e-01,1.360300000000000120e-01,-5.613899999999999446e-01
1.000000000000000000e+00,-3.034499999999999975e-01,-5.469399999999999817e-01,-3.909699999999999842e-01
1.000000000000000000e+00,-4.504600000000000271e-01,-2.328699999999999937e-01,-8.407400000000000428e-01
1.000000000000000000e+00,-2.826099999999999723e-01,-2.195900000000000074e-01,7.016999999999999800e-03
1.000000000000000000e+00,-5.272700000000000164e-01,-4.335899999999999754e-01,1.084500000000000047e-01
1.000000000000000000e+00,-6.656400000000000095e-01,-6.748300000000000409e-01,-3.609299999999999731e-01
1.000000000000000000e+00,-2.621499999999999941e-01,-6.779199999999999671e-01,-4.953099999999999725e-01
1.000000000000000000e+00,-4.049400000000000222e-01,3.967999999999999861e-01,-2.447400000000000131e-01
1.000000000000000000e+00,-3.588899999999999868e-01,-1.932300000000000129e-01,-4.896699999999999942e-01
1.000000000000000000e+00,-1.718399999999999928e-01,-8.752600000000000657e-02,-1.168600000000000055e-01
1.000000000000000000e+00,-9.217500000000000693e-02,-4.562199999999999762e-03,-3.995400000000000063e-01
1.000000000000000000e+00,-2.845799999999999996e-01,3.449100000000000082e-02,-7.878100000000000103e-01
1.000000000000000000e+00,-2.229200000000000070e-01,-4.081500000000000128e-01,-6.291999999999999815e-01
1.000000000000000000e+00,-5.338899999999999757e-01,-6.882200000000000539e-01,-1.440899999999999959e-01
1.000000000000000000e+00,-2.988000000000000100e-01,-2.038999999999999979e-01,-5.913899999999999713e-01
1.000000000000000000e+00,-7.578899999999999526e-01,1.764900000000000080e-01,-4.322300000000000031e-01
1.000000000000000000e+00,-7.743499999999999828e-01,7.684299999999999464e-02,-2.404000000000000026e-01
1.000000000000000000e+00,-7.807500000000000551e-01,-2.526800000000000157e-01,-2.348999999999999977e-01
1.000000000000000000e+00,-4.508900000000000130e-01,-4.376499999999999835e-01,-4.765199999999999991e-01
1.000000000000000000e+00,-5.861399999999999944e-01,-2.626200000000000201e-01,-1.070500000000000063e-01
1.000000000000000000e+00,-3.959900000000000087e-01,-7.684299999999999464e-01,-1.781699999999999950e-01
1.000000000000000000e+00,-4.364299999999999846e-01,-3.764199999999999768e-01,-9.439699999999999480e-02
1.000000000000000000e+00,-3.296899999999999831e-01,-3.528700000000000170e-01,-1.067799999999999999e-01
1.000000000000000000e+00,2.289499999999999869e-02,-3.657099999999999795e-01,-4.361999999999999905e-02
1.000000000000000000e+00,-7.983700000000000241e-01,3.124500000000000055e-01,-6.854400000000000492e-01
1.000000000000000000e+00,-2.889499999999999846e-01,-3.439200000000000035e-01,-1.192600000000000049e-01
1.000000000000000000e+00,-7.885799999999999477e-01,-8.068899999999999961e-01,2.704799999999999982e-01
1.000000000000000000e+00,-1.966199999999999892e-01,-1.238800000000000040e-01,-3.915500000000000091e-01
1.000000000000000000e+00,-5.134699999999999820e-01,1.304400000000000004e-01,-5.347399999999999931e-01
1.000000000000000000e+00,-5.248099999999999987e-02,7.632700000000000595e-02,-1.198599999999999943e-01
1.000000000000000000e+00,-4.987699999999999911e-01,-8.303299999999999570e-02,-8.079399999999999915e-01
1.000000000000000000e+00,-7.708199999999999497e-01,-4.052799999999999736e-01,3.112500000000000266e-01
1.000000000000000000e+00,-6.879899999999999904e-01,1.464599999999999930e-03,-2.588199999999999945e-01
1.000000000000000000e+00,-7.306799999999999962e-01,-5.082299999999999596e-01,-6.059400000000000341e-01
1.000000000000000000e+00,-5.195699999999999763e-01,-8.262100000000000000e-02,-7.512100000000000444e-01
1.000000000000000000e+00,-3.157599999999999851e-01,2.189699999999999980e-02,-2.092799999999999938e-01
1.000000000000000000e+00,-3.846800000000000219e-01,-6.078000000000000069e-02,-1.068199999999999983e-01
1.000000000000000000e+00,-3.867599999999999927e-01,-1.137200000000000016e-01,-6.709500000000000186e-02
1.000000000000000000e+00,-3.060499999999999887e-01,-5.032200000000000006e-01,-1.717500000000000138e-01
1.000000000000000000e+00,-1.115899999999999948e-01,1.152500000000000052e-02,-6.136500000000000288e-01
1.000000000000000000e+00,-1.734999999999999876e-01,1.022400000000000045e-02,-6.199099999999999611e-01
1.000000000000000000e+00,-3.627299999999999969e-01,-1.396900000000000086e-01,-2.558900000000000063e-01
1.000000000000000000e+00,-3.648199999999999776e-01,1.161999999999999977e-01,-2.054400000000000115e-01
1.000000000000000000e+00,-5.184800000000000519e-01,-5.154999999999999583e-01,-2.139800000000000035e-01
1.000000000000000000e+00,1.281899999999999984e-01,-3.140100000000000113e-01,-1.196399999999999963e-01
1.000000000000000000e+00,-7.336799999999999988e-01,1.691100000000000103e-01,-4.309499999999999997e-01
1.000000000000000000e+00,-6.427800000000000180e-01,-8.364599999999999813e-02,-5.905799999999999939e-01
1.000000000000000000e+00,-8.752600000000000380e-01,-1.769000000000000017e-01,-7.417200000000000182e-02
1.000000000000000000e+00,9.436100000000000043e-02,-5.016800000000000148e-01,9.187399999999999733e-02
1.000000000000000000e+00,-4.220599999999999907e-01,-1.447100000000000053e-01,-8.357900000000000329e-01
1.000000000000000000e+00,-3.701200000000000045e-01,-4.033700000000000063e-01,-5.645700000000000163e-01
1.000000000000000000e+00,-4.118299999999999739e-01,-9.514099999999999779e-01,4.664800000000000196e-02
1.000000000000000000e+00,-3.395299999999999985e-01,2.610199999999999743e-01,-8.912600000000000522e-01
1.000000000000000000e+00,-1.359899999999999998e-01,1.517100000000000046e-02,-3.682500000000000218e-01
1.000000000000000000e+00,5.813900000000000318e-02,3.476299999999999946e-01,-6.464400000000000146e-01
1.000000000000000000e+00,-6.520200000000000440e-01,-1.710099999999999953e-01,-2.303600000000000092e-01
1.000000000000000000e+00,-8.451999999999999513e-01,-6.416099999999999581e-02,-7.343800000000000328e-01
1.000000000000000000e+00,-3.877900000000000236e-01,-6.714999999999999858e-01,-3.005299999999999985e-02
1.000000000000000000e+00,-4.498800000000000021e-01,-2.950599999999999890e-01,-3.323099999999999943e-01
1.000000000000000000e+00,-3.264799999999999924e-01,-6.455400000000000027e-01,-2.234500000000000097e-01
1.000000000000000000e+00,5.437700000000000172e-02,-4.900100000000000011e-01,-5.150300000000000017e-02
1.000000000000000000e+00,-6.361999999999999877e-01,-4.990600000000000036e-01,-2.237300000000000122e-01
1.000000000000000000e+00,1.943100000000000105e-01,-1.679400000000000059e-01,-3.163599999999999746e-01
1.000000000000000000e+00,-1.477499999999999925e-01,4.194099999999999911e-02,-7.932599999999999651e-01
1.000000000000000000e+00,-2.324700000000000100e-01,6.949299999999999922e-02,-6.705200000000000049e-01
1.000000000000000000e+00,-3.179299999999999904e-01,-3.091099999999999959e-01,-3.280299999999999883e-01
1.000000000000000000e+00,-5.820999999999999508e-01,-2.498499999999999888e-01,4.821000000000000285e-02
1.000000000000000000e+00,-3.682300000000000018e-01,-1.011800000000000060e-01,-2.412199999999999900e-01
1.000000000000000000e+00,-2.225699999999999901e-01,1.448500000000000065e-01,-6.355600000000000138e-01
1.000000000000000000e+00,-5.044999999999999485e-01,-4.491299999999999737e-01,-2.623300000000000076e-01
1.000000000000000000e+00,-4.428400000000000114e-01,4.466800000000000215e-01,-6.030600000000000405e-01
1.000000000000000000e+00,-2.011900000000000147e-02,-3.848900000000000099e-01,-5.077600000000000169e-02
1.000000000000000000e+00,-3.953699999999999992e-01,-1.039400000000000046e-01,-3.881100000000000105e-01
1.000000000000000000e+00,-2.625299999999999856e-01,4.979700000000000237e-01,-2.970900000000000207e-01
1.000000000000000000e+00,-4.617399999999999838e-01,3.654899999999999816e-01,-6.144500000000000517e-01
1.000000000000000000e+00,-2.164099999999999913e-01,2.630899999999999905e-01,-6.719899999999999762e-01
1.000000000000000000e+00,-3.587500000000000133e-01,-4.651600000000000179e-01,1.620199999999999974e-01
1.000000000000000000e+00,-1.496399999999999952e-01,-3.489200000000000079e-01,-5.374200000000000088e-01
1.000000000000000000e+00,-4.624699999999999922e-01,4.329600000000000115e-01,-2.706000000000000072e-01
1.000000000000000000e+00,-1.170599999999999974e-01,3.962499999999999911e-01,-5.937799999999999745e-01
1.000000000000000000e+00,-2.482600000000000171e-03,1.934900000000000161e-02,1.053100000000000043e-02
1.000000000000000000e+00,-5.650499999999999967e-02,-6.827600000000000335e-01,-2.745000000000000218e-01
1.000000000000000000e+00,-5.855000000000000204e-01,3.214000000000000190e-02,-6.266300000000000203e-01
1.000000000000000000e+00,5.164500000000000340e-02,-2.681700000000000195e-01,1.669700000000000073e-01
1.000000000000000000e+00,-3.612199999999999855e-01,2.387100000000000055e-01,-5.854500000000000259e-01
1.000000000000000000e+00,-1.256099999999999994e-01,-6.166899999999999604e-01,-1.418899999999999884e-01
1.000000000000000000e+00,3.521799999999999931e-02,-3.047500000000000209e-01,-4.214899999999999758e-01
1.000000000000000000e+00,-5.305999999999999606e-01,-2.666699999999999973e-02,-3.315100000000000269e-01
1.000000000000000000e+00,-1.834199999999999997e-01,-1.585600000000000065e-01,-8.931200000000000250e-01
1.000000000000000000e+00,-4.686899999999999955e-01,2.402600000000000013e-01,-2.926799999999999957e-01
1.000000000000000000e+00,-3.052699999999999858e-01,-5.299199999999999466e-01,-2.121100000000000069e-02
1.000000000000000000e+00,-5.487400000000000055e-01,-2.497399999999999967e-02,-2.288000000000000034e-01
1.000000000000000000e+00,-6.071999999999999620e-01,-4.503599999999999826e-01,-8.886299999999999755e-02
1.000000000000000000e+00,-2.866600000000000259e-01,3.104500000000000037e-01,-2.179800000000000071e-01
1.000000000000000000e+00,-3.651200000000000279e-02,-2.634600000000000275e-01,-6.424600000000000311e-01
1.000000000000000000e+00,-2.021799999999999986e-01,-6.236800000000000122e-01,-1.239699999999999969e-01
1.000000000000000000e+00,-5.707699999999999996e-01,-6.372499999999999831e-01,-4.494600000000000262e-01
1.000000000000000000e+00,8.130199999999999927e-02,3.009800000000000253e-01,-3.976100000000000190e-01
1.000000000000000000e+00,-2.579099999999999726e-01,4.174100000000000033e-02,-6.631799999999999917e-01
1.000000000000000000e+00,-1.940600000000000103e-01,3.420199999999999907e-01,-2.009199999999999875e-01
1.000000000000000000e+00,-5.084400000000000031e-01,4.389899999999999913e-01,-4.224700000000000122e-01
1.000000000000000000e+00,-4.861800000000000149e-02,-3.574100000000000055e-01,-4.511600000000000055e-01
1.000000000000000000e+00,1.087000000000000050e-01,-6.384699999999999820e-01,-2.219599999999999906e-01
1.000000000000000000e+00,-7.045599999999999641e-01,-4.895399999999999752e-01,-1.822799999999999976e-01
1.000000000000000000e+00,-4.147500000000000075e-01,-5.042100000000000470e-01,2.781000000000000139e-01
1.000000000000000000e+00,-3.536500000000000199e-01,-6.226199999999999513e-01,-2.911199999999999899e-01
1.000000000000000000e+00,-2.088700000000000001e-01,-5.409000000000000474e-01,-5.053499999999999659e-01
1.000000000000000000e+00,-3.630800000000000138e-01,-4.459899999999999975e-01,-2.530699999999999963e-02
1.000000000000000000e+00,-4.290999999999999814e-01,1.957099999999999951e-01,-4.155900000000000150e-01
1.000000000000000000e+00,-1.225600000000000023e-01,8.790199999999999403e-02,-8.147699999999999942e-01
1.000000000000000000e+00,-5.172499999999999876e-01,1.429900000000000060e-01,-3.973999999999999755e-01
1.000000000000000000e+00,-1.869599999999999873e-01,-9.535100000000000520e-02,-4.583099999999999952e-01
1.000000000000000000e+00,-5.163199999999999734e-02,-4.532999999999999807e-01,-5.821399999999999908e-01
1.000000000000000000e+00,-4.566299999999999804e-01,-1.341999999999999964e-02,-3.128500000000000031e-02
1.000000000000000000e+00,-1.983600000000000085e-01,-7.309299999999999686e-01,-1.102000000000000063e-01
1.000000000000000000e+00,-4.825300000000000145e-01,-7.926600000000000312e-01,9.511500000000000510e-02
1.000000000000000000e+00,-3.278900000000000148e-01,-6.097500000000000142e-01,-4.049900000000000166e-01
1.000000000000000000e+00,-5.051200000000000134e-01,-2.916199999999999903e-01,-5.144199999999999884e-01
1.000000000000000000e+00,-2.084799999999999986e-01,-3.846800000000000219e-01,-2.776100000000000234e-01
1.000000000000000000e+00,-6.073699999999999655e-01,-7.938499999999999723e-02,-7.237999999999999989e-01
1.000000000000000000e+00,6.463299999999999601e-02,-7.990399999999999725e-01,-1.932200000000000029e-01
1.000000000000000000e+00,7.162100000000000237e-03,-3.452100000000000168e-01,-1.414999999999999869e-01
1.000000000000000000e+00,-1.785899999999999987e-01,8.924799999999999400e-02,-1.482700000000000129e-01
1.000000000000000000e+00,-4.681000000000000161e-01,-1.952099999999999946e-01,-5.043600000000000305e-01
1.000000000000000000e+00,-1.344899999999999984e-01,-5.119899999999999451e-01,-2.086699999999999944e-01
1.000000000000000000e+00,-2.090300000000000144e-02,-1.516500000000000070e-01,-3.961999999999999966e-01
1.000000000000000000e+00,-6.079900000000000304e-01,-3.796999999999999681e-02,-3.060499999999999887e-01
1.000000000000000000e+00,-2.260399999999999909e-01,-5.231900000000000439e-01,-3.419200000000000017e-01
1.000000000000000000e+00,-2.150100000000000067e-01,-4.754599999999999937e-01,-2.867299999999999849e-01
1.000000000000000000e+00,-2.403399999999999981e-01,-5.461899999999999533e-01,-6.696100000000000385e-01
1.000000000000000000e+00,-4.218600000000000128e-01,-2.651700000000000168e-01,-1.223899999999999988e-01
1.000000000000000000e+00,-4.094200000000000061e-01,-2.573900000000000077e-01,-2.408099999999999963e-01
1.000000000000000000e+00,-5.087000000000000410e-01,-9.530500000000000083e-02,-3.691300000000000137e-01
1.000000000000000000e+00,-6.038000000000000034e-01,-4.719700000000000006e-01,-3.478800000000000225e-01
1.000000000000000000e+00,-3.461400000000000032e-01,2.673900000000000166e-01,-6.782399999999999540e-01
1.000000000000000000e+00,-5.271000000000000130e-01,-9.251199999999999701e-02,-6.362799999999999567e-01
1.000000000000000000e+00,-3.680300000000000238e-01,-2.496099999999999985e-01,-5.621899999999999675e-01
1.000000000000000000e+00,-3.081499999999999795e-01,-2.793999999999999817e-01,-1.345099999999999907e-01
1.000000000000000000e+00,-4.442099999999999937e-01,-5.185499999999999554e-01,-5.316199999999999815e-01
1.000000000000000000e+00,-3.739199999999999746e-01,-3.470799999999999996e-01,-3.190999999999999948e-01
1.000000000000000000e+00,-3.051300000000000123e-01,-3.719899999999999873e-01,-3.403100000000000014e-01
1.000000000000000000e+00,-4.960399999999999809e-01,-2.348399999999999932e-01,-2.683400000000000230e-01
1.000000000000000000e+00,-3.080399999999999805e-01,5.717700000000000005e-01,-8.148699999999999832e-01
1.000000000000000000e+00,-1.829099999999999893e-01,-6.364499999999999325e-02,-3.922999999999999821e-01
1.000000000000000000e+00,-2.972899999999999987e-01,-3.174600000000000199e-01,-3.633199999999999763e-01
1.000000000000000000e+00,-2.873100000000000098e-01,7.013800000000000590e-02,-4.424799999999999844e-01
1.000000000000000000e+00,-5.487199999999999855e-01,-2.521700000000000053e-01,-2.104499999999999982e-01
1.000000000000000000e+00,-8.047299999999999454e-01,4.329899999999999721e-02,-4.057100000000000151e-01
1.000000000000000000e+00,-3.474499999999999811e-01,3.004999999999999893e-01,-1.759799999999999975e-01
1.000000000000000000e+00,-6.712099999999999733e-01,-9.977400000000000851e-03,-9.144099999999999451e-01
1.000000000000000000e+00,-2.728999999999999759e-01,1.960899999999999865e-01,-2.757100000000000106e-01
1.000000000000000000e+00,-2.971500000000000252e-01,-1.547099999999999864e-01,-5.137000000000000455e-01
1.000000000000000000e+00,3.341600000000000126e-02,-1.074600000000000000e-01,-4.361599999999999921e-01
1.000000000000000000e+00,-5.028500000000000192e-01,-3.945100000000000273e-01,-2.309299999999999964e-01
1.000000000000000000e+00,-3.197300000000000142e-01,-9.048500000000000432e-01,3.655100000000000016e-01
1.000000000000000000e+00,-5.121599999999999486e-01,1.197799999999999976e-01,-5.167500000000000426e-01
1.000000000000000000e+00,-5.749800000000000466e-01,-1.218599999999999961e-01,-4.362199999999999966e-01
1.000000000000000000e+00,5.822299999999999698e-02,-4.791400000000000103e-01,-2.936000000000000276e-01
1.000000000000000000e+00,-5.990199999999999969e-01,-4.606500000000000039e-01,-3.461299999999999932e-01
1.000000000000000000e+00,-4.331800000000000095e-01,-8.860000000000000098e-01,-2.234200000000000075e-02
1.000000000000000000e+00,-3.230100000000000193e-01,-3.825299999999999812e-01,-2.719599999999999795e-01
1.000000000000000000e+00,-7.808899999999999730e-01,2.519099999999999812e-03,-1.646700000000000108e-01
1.000000000000000000e+00,-3.860199999999999743e-01,-2.500600000000000045e-01,-4.844399999999999817e-01
1.000000000000000000e+00,-5.418699999999999628e-01,-7.344900000000000040e-02,-7.038299999999999557e-01
1.000000000000000000e+00,-4.839800000000000213e-01,-4.985999999999999877e-01,2.333000000000000004e-02
1.000000000000000000e+00,-2.514799999999999813e-01,1.995999999999999944e-03,-6.531500000000000083e-01
1.000000000000000000e+00,-2.560499999999999998e-01,-6.800000000000000488e-01,1.203499999999999926e-03
1.000000000000000000e+00,-2.491500000000000103e-01,-5.626299999999999635e-01,2.969700000000000117e-01
1.000000000000000000e+00,-3.567000000000000171e-01,-4.728100000000000080e-01,-1.430299999999999974e-02
1.000000000000000000e+00,-1.624299999999999911e-01,-2.259899999999999964e-01,-6.619599999999999929e-01
1.000000000000000000e+00,-4.252099999999999769e-01,-5.194400000000000128e-01,3.930100000000000260e-02
1.000000000000000000e+00,-8.756300000000000194e-02,-2.087400000000000089e-01,-8.088499999999999857e-02
1.000000000000000000e+00,-3.459999999999999742e-01,-3.991399999999999948e-01,-1.356400000000000106e-01
1.000000000000000000e+00,-1.635199999999999987e-01,-5.896700000000000275e-01,4.884800000000000253e-01
1.000000000000000000e+00,1.424699999999999925e-02,-8.497900000000000453e-01,-2.934599999999999986e-01
1.000000000000000000e+00,-2.902699999999999725e-01,-3.261000000000000010e-01,-5.465499999999999803e-01
1.000000000000000000e+00,2.011500000000000093e-02,2.634000000000000230e-01,-3.945799999999999863e-01
1.000000000000000000e+00,-2.394600000000000062e-01,-5.092499999999999805e-01,-1.142100000000000060e-01
1.000000000000000000e+00,-4.319600000000000106e-01,-2.116200000000000025e-01,-3.938099999999999934e-01
1.000000000000000000e+00,-4.247900000000000009e-01,-2.108500000000000096e-01,-4.280200000000000116e-01
1.000000000000000000e+00,-1.164300000000000057e-01,-4.470100000000000184e-01,-2.414600000000000080e-01
1.000000000000000000e+00,-2.513299999999999979e-01,-5.441300000000000026e-01,-4.443900000000000072e-01
1.000000000000000000e+00,-2.918299999999999783e-01,-2.283799999999999997e-01,-4.841799999999999993e-01
1.000000000000000000e+00,-4.810200000000000031e-01,1.946900000000000019e-01,-6.084500000000000464e-01
1.000000000000000000e+00,-2.720099999999999740e-01,2.212300000000000100e-01,-4.182899999999999952e-01
1.000000000000000000e+00,-3.728600000000000247e-01,1.549599999999999936e-02,-2.861500000000000155e-01
1.000000000000000000e+00,8.323700000000000543e-02,-8.064000000000000057e-01,-5.190499999999999975e-02
1.000000000000000000e+00,-6.933000000000000274e-01,-1.838500000000000134e-01,-1.045699999999999963e-01
1.000000000000000000e+00,-2.363899999999999890e-01,4.550300000000000178e-02,-5.518800000000000372e-01
1.000000000000000000e+00,-4.332799999999999985e-01,1.288900000000000046e-01,-4.133499999999999952e-01
1.000000000000000000e+00,1.301399999999999953e-02,-5.363700000000000134e-01,-1.140800000000000008e-01
1.000000000000000000e+00,-5.175799999999999845e-02,-3.659800000000000275e-01,2.547300000000000120e-01
1.000000000000000000e+00,-2.996900000000000119e-01,-1.839699999999999946e-01,-6.718100000000000183e-01
1.000000000000000000e+00,-5.761100000000000110e-01,-9.990999999999999881e-01,-3.518700000000000161e-01
1.000000000000000000e+00,-3.043399999999999994e-01,-2.257099999999999940e-01,-1.701600000000000057e-01
1.000000000000000000e+00,-3.384699999999999931e-01,-4.354500000000000037e-01,8.335099999999999454e-02
1.000000000000000000e+00,-2.873499999999999943e-01,-3.797099999999999920e-01,1.760700000000000043e-01
1.000000000000000000e+00,-5.301599999999999646e-01,1.373000000000000054e-01,-2.637200000000000100e-01
1.000000000000000000e+00,-6.952899999999999636e-01,-2.911299999999999999e-01,-5.660399999999999876e-01
1.000000000000000000e+00,-1.479499999999999982e-01,-4.965200000000000169e-01,-3.981299999999999839e-01
1.000000000000000000e+00,-5.326100000000000279e-01,-5.811399999999999899e-01,-2.396600000000000119e-02
1.000000000000000000e+00,-1.800100000000000033e-01,-5.337899999999999867e-01,-4.045100000000000084e-02
1.000000000000000000e+00,-3.076699999999999990e-01,-1.580499999999999960e-01,-3.031900000000000150e-01
1.000000000000000000e+00,-5.430599999999999872e-01,-8.203899999999999526e-01,-2.449300000000000088e-01
1.000000000000000000e+00,-5.282799999999999718e-01,7.170699999999999852e-01,-3.755600000000000049e-01
1.000000000000000000e+00,-5.967500000000000027e-01,-1.096300000000000052e-01,-6.533400000000000318e-01
1.000000000000000000e+00,-1.842600000000000071e-01,-3.609800000000000231e-01,-3.776999999999999802e-01
1.000000000000000000e+00,-1.199800000000000033e-01,1.356400000000000106e-01,-3.410099999999999798e-01
1.000000000000000000e+00,-6.301999999999999824e-01,-5.504799999999999693e-01,1.945300000000000085e-01
1.000000000000000000e+00,-4.609400000000000164e-01,-5.358600000000000030e-01,-1.077800000000000008e-01
1.000000000000000000e+00,-2.907199999999999784e-01,-4.439000000000000168e-01,-5.102999999999999758e-01
1.000000000000000000e+00,4.173199999999999956e-04,6.640300000000000369e-02,-1.653399999999999870e-01
1.000000000000000000e+00,-3.886999999999999900e-01,-1.986999999999999877e-01,-4.175099999999999922e-01
1.000000000000000000e+00,-5.515099999999999447e-01,2.975300000000000167e-02,-4.443400000000000127e-01
1.000000000000000000e+00,-3.331000000000000072e-01,-1.316700000000000093e-01,-3.855399999999999938e-01
1.000000000000000000e+00,8.563300000000000078e-02,-5.723599999999999799e-01,-5.019000000000000128e-01
1.000000000000000000e+00,-4.743999999999999884e-01,-1.740500000000000103e-01,3.399800000000000044e-02
1.000000000000000000e+00,-3.098299999999999943e-01,5.279500000000000165e-02,-4.506200000000000205e-01
1.000000000000000000e+00,-3.592000000000000193e-01,3.383699999999999902e-02,-6.710300000000000153e-01
1.000000000000000000e+00,-1.044599999999999973e-01,-1.457499999999999907e-01,-7.608600000000000085e-02
1.000000000000000000e+00,-1.439400000000000124e-01,-7.993299999999999850e-01,-2.706899999999999862e-01
1.000000000000000000e+00,-1.528100000000000014e-01,-5.836599999999999566e-01,1.386799999999999977e-01
1.000000000000000000e+00,-2.007500000000000118e-01,-4.387900000000000134e-01,-5.092200000000000060e-01
1.000000000000000000e+00,-1.762900000000000023e-01,1.434600000000000042e-01,-6.000699999999999923e-01
1.000000000000000000e+00,-4.079300000000000148e-01,-7.725699999999999790e-01,2.495799999999999963e-01
1.000000000000000000e+00,-3.615399999999999725e-01,-3.694000000000000061e-02,-7.327200000000000379e-01
1.000000000000000000e+00,-3.411000000000000143e-01,2.380500000000000116e-01,-6.886700000000000044e-01
1.000000000000000000e+00,-8.955199999999999827e-01,-3.209799999999999875e-01,-2.515800000000000258e-01
1.000000000000000000e+00,-4.911099999999999910e-01,4.087399999999999922e-01,-7.500499999999999945e-01
1.000000000000000000e+00,-3.629899999999999793e-01,-8.383400000000000574e-02,-7.873299999999999743e-01
1.000000000000000000e+00,-2.219700000000000006e-01,-7.437699999999999867e-02,2.642600000000000157e-02
1.000000000000000000e+00,1.734499999999999931e-01,-3.599299999999999722e-02,-5.540100000000000025e-01
1.000000000000000000e+00,-3.913800000000000057e-01,-5.881999999999999451e-01,-4.969500000000000028e-01
1.000000000000000000e+00,-1.033400000000000013e-01,7.218900000000000317e-02,-2.360700000000000021e-01
1.000000000000000000e+00,-4.376499999999999835e-01,-6.057000000000000162e-01,-3.734299999999999842e-01
1.000000000000000000e+00,-3.636300000000000088e-01,-7.896499999999999631e-01,-1.770400000000000029e-01
1.000000000000000000e+00,-2.570200000000000262e-01,-6.517100000000000115e-01,-1.241300000000000042e-01
1.000000000000000000e+00,-1.900499999999999967e-01,-4.795200000000000018e-01,-1.061799999999999966e-01
1.000000000000000000e+00,-9.617299999999999460e-02,-5.321399999999999464e-01,-1.294000000000000011e-02
1.000000000000000000e+00,-2.812899999999999845e-01,-3.651700000000000085e-02,-3.179899999999999949e-01
1.000000000000000000e+00,-5.531700000000000506e-01,-4.388899999999999746e-02,5.267899999999999666e-02
1.000000000000000000e+00,-1.089699999999999974e-01,9.847499999999999309e-02,-8.613300000000000400e-01
1.000000000000000000e+00,-2.325000000000000122e-01,-5.739999999999999547e-01,-4.807899999999999952e-01
1.000000000000000000e+00,8.250399999999999401e-02,-8.158999999999999586e-01,-4.879700000000000149e-01
1.000000000000000000e+00,-3.042900000000000049e-01,-5.509300000000000308e-01,-4.005299999999999971e-01
1.000000000000000000e+00,-6.119200000000000333e-02,-1.412299999999999944e-01,9.179299999999999959e-02
1.000000000000000000e+00,-6.458500000000000352e-01,-8.789399999999999991e-02,-7.062800000000000189e-01
1.000000000000000000e+00,-1.234500000000000042e-01,-6.682799999999999851e-01,-7.545399999999999330e-02
1.000000000000000000e+00,-5.009899999999999770e-02,2.149800000000000044e-01,-5.772800000000000153e-01
1.000000000000000000e+00,-6.251600000000000490e-01,-3.818199999999999927e-01,-1.047700000000000020e-02
1.000000000000000000e+00,-1.387299999999999991e-02,2.885100000000000164e-02,-8.340800000000000436e-01
1.000000000000000000e+00,-2.322799999999999865e-01,-2.135400000000000076e-01,-1.999199999999999866e-01
1.000000000000000000e+00,-2.675400000000000000e-01,-4.164499999999999869e-01,-4.324499999999999872e-02
1.000000000000000000e+00,-8.925299999999999900e-02,-7.752299999999999747e-01,-3.461199999999999832e-01
1.000000000000000000e+00,2.120700000000000016e-02,-3.632199999999999873e-01,-9.480900000000000438e-02
1.000000000000000000e+00,-1.844699999999999951e-01,2.221199999999999943e-04,-3.434000000000000247e-02
1.000000000000000000e+00,-5.032200000000000006e-01,-3.074299999999999811e-01,-2.451099999999999945e-01
1.000000000000000000e+00,-2.523599999999999732e-01,-1.386300000000000032e-01,-4.838600000000000123e-01
1.000000000000000000e+00,1.070799999999999946e-01,-6.686400000000000121e-01,-3.130999999999999894e-01
1.000000000000000000e+00,-3.567299999999999915e-01,1.245799999999999963e-01,-3.937499999999999889e-01
1.000000000000000000e+00,-6.260400000000000686e-02,-4.346099999999999963e-01,-6.451599999999999557e-01
1.000000000000000000e+00,-1.747599999999999987e-01,-1.640600000000000088e-03,-4.121600000000000263e-02
1.000000000000000000e+00,-2.794200000000000017e-01,2.523699999999999832e-01,-2.284499999999999864e-01
1.000000000000000000e+00,-1.200699999999999962e-01,-3.156900000000000261e-01,-1.468800000000000106e-01
1.000000000000000000e+00,-3.008600000000000163e-01,-4.599800000000000000e-01,-4.551700000000000190e-01
1.000000000000000000e+00,-8.250699999999999701e-01,-6.100300000000000167e-02,-7.021399999999999864e-02
1.000000000000000000e+00,-5.954899999999999638e-01,-2.700600000000000223e-01,-4.398799999999999932e-01
1.000000000000000000e+00,1.944200000000000095e-02,-7.990300000000000180e-01,-8.200799999999999756e-02
1.000000000000000000e+00,-4.981400000000000272e-01,-4.497900000000000231e-01,-4.209499999999999909e-01
1.000000000000000000e+00,3.478400000000000242e-02,-1.219400000000000067e-01,-1.927699999999999969e-01
1.000000000000000000e+00,-6.081299999999999484e-01,-7.927600000000000202e-01,-3.882200000000000095e-01
1.000000000000000000e+00,-4.592200000000000171e-01,-2.901599999999999735e-01,9.383600000000000274e-02
1.000000000000000000e+00,-9.321999999999999731e-02,6.021699999999999831e-01,-5.376999999999999558e-01
1.000000000000000000e+00,-5.656700000000000061e-01,-4.900800000000000156e-01,-3.450300000000000034e-01
1.000000000000000000e+00,-7.489200000000000301e-01,1.406999999999999917e-01,-8.142500000000000293e-01
1.000000000000000000e+00,-7.167700000000000182e-01,-6.091499999999999693e-01,7.459900000000000211e-03
1.000000000000000000e+00,-7.484899999999999887e-01,-1.991700000000000137e-01,-4.689400000000000235e-01
1.000000000000000000e+00,-1.733999999999999986e-01,-2.564500000000000113e-01,-3.740399999999999836e-01
1.000000000000000000e+00,-5.680600000000000094e-01,-2.843399999999999817e-01,-8.000000000000000444e-01
1.000000000000000000e+00,-6.750199999999999534e-01,-1.303799999999999959e-01,-5.211599999999999566e-01
1.000000000000000000e+00,-4.703600000000000003e-01,4.829200000000000159e-02,-6.539300000000000668e-02
1.000000000000000000e+00,8.983399999999999719e-02,-5.813000000000000389e-01,4.828799999999999759e-01
1.000000000000000000e+00,-2.969899999999999762e-01,3.068100000000000271e-01,-4.539400000000000102e-01
1.000000000000000000e+00,-5.437699999999999756e-01,4.843299999999999828e-01,-5.058200000000000474e-01
1.000000000000000000e+00,-3.245899999999999896e-01,3.928099999999999925e-01,-2.070599999999999941e-01
1.000000000000000000e+00,-1.839899999999999869e-01,-3.593899999999999872e-01,-6.219000000000000083e-01
1.000000000000000000e+00,-3.645999999999999797e-01,-1.217199999999999949e-01,-6.885400000000000409e-01
1.000000000000000000e+00,-2.791699999999999737e-01,-2.966900000000000093e-01,-5.335800000000000542e-01
1.000000000000000000e+00,-4.180200000000000027e-01,-4.323899999999999966e-01,-4.384899999999999909e-02
1.000000000000000000e+00,-4.595000000000000195e-01,-5.406199999999999894e-01,-3.385099999999999776e-01
1.000000000000000000e+00,8.901700000000000237e-03,6.015000000000000208e-02,-7.467599999999999794e-01
1.000000000000000000e+00,-3.164799999999999836e-01,9.933500000000000663e-02,-8.079600000000000115e-01
1.000000000000000000e+00,-3.827499999999999791e-01,-2.509299999999999864e-01,-4.127000000000000113e-01
1.000000000000000000e+00,-1.222599999999999937e-01,-2.964999999999999858e-01,-5.993500000000000494e-01
1.000000000000000000e+00,-3.940799999999999859e-01,-5.116199999999999637e-01,5.515099999999999864e-02
2.000000000000000000e+00,2.195699999999999874e-01,8.030100000000000016e-01,1.774399999999999866e-01
2.000000000000000000e+00,2.234599999999999920e-01,3.764299999999999868e-01,3.959699999999999886e-01
2.000000000000000000e+00,2.955900000000000194e-01,3.427799999999999736e-01,1.133999999999999939e-02
2.000000000000000000e+00,-1.727100000000000024e-01,5.918900000000000272e-01,-2.106200000000000017e-01
2.000000000000000000e+00,-6.069700000000000095e-01,4.254100000000000104e-01,2.170300000000000007e-01
2.000000000000000000e+00,-6.760899999999999688e-01,6.737499999999999600e-01,7.237100000000000477e-02
2.000000000000000000e+00,1.978499999999999981e-01,7.300900000000000167e-01,-5.826200000000000129e-02
2.000000000000000000e+00,-4.411399999999999766e-01,7.007799999999999585e-01,5.956799999999999873e-01
2.000000000000000000e+00,-9.517599999999999671e-02,4.900999999999999801e-01,-1.740500000000000103e-01
2.000000000000000000e+00,1.954799999999999871e-01,8.737599999999999811e-01,9.394099999999999673e-02
2.000000000000000000e+00,-4.756599999999999717e-02,4.430100000000000149e-01,4.251900000000000124e-02
2.000000000000000000e+00,4.638599999999999945e-01,1.160600000000000076e+00,1.529099999999999904e-01
2.000000000000000000e+00,3.770899999999999808e-01,9.552300000000000235e-01,5.475499999999999812e-02
2.000000000000000000e+00,2.134300000000000086e-01,9.373899999999999455e-01,1.490100000000000036e-01
2.000000000000000000e+00,-1.312300000000000133e-01,9.049999999999999711e-02,-1.648900000000000088e-01
2.000000000000000000e+00,2.601999999999999869e-01,9.353900000000000547e-01,2.705200000000000052e-03
2.000000000000000000e+00,2.553900000000000059e-01,4.538900000000000157e-01,1.743599999999999872e-01
2.000000000000000000e+00,-3.187099999999999933e-01,7.028999999999999693e-01,6.591299999999999937e-02
2.000000000000000000e+00,4.619399999999999895e-02,3.507700000000000262e-01,-1.573199999999999876e-01
2.000000000000000000e+00,-2.499000000000000110e-01,8.138900000000000023e-01,3.774399999999999977e-02
2.000000000000000000e+00,-2.098600000000000118e-02,5.985500000000000265e-01,-4.566900000000000126e-02
2.000000000000000000e+00,3.277499999999999858e-01,6.833299999999999930e-01,3.476699999999999791e-01
2.000000000000000000e+00,-5.410999999999999838e-02,4.803600000000000092e-01,-1.859200000000000019e-01
2.000000000000000000e+00,1.453599999999999892e-01,8.859400000000000608e-02,1.403599999999999987e-02
2.000000000000000000e+00,5.080799999999999761e-01,7.110800000000000454e-01,5.333999999999999853e-01
2.000000000000000000e+00,5.090700000000000225e-01,4.436200000000000143e-01,5.055500000000000549e-01
2.000000000000000000e+00,-5.540500000000000425e-01,6.667199999999999793e-01,5.798600000000000282e-02
2.000000000000000000e+00,5.054899999999999949e-01,2.889399999999999746e-01,5.774399999999999533e-01
2.000000000000000000e+00,1.601899999999999991e-01,7.039699999999999847e-01,-1.104500000000000065e-01
2.000000000000000000e+00,-8.791400000000000603e-02,3.977700000000000125e-01,1.292099999999999915e-01
2.000000000000000000e+00,3.722500000000000253e-01,3.663699999999999735e-01,-2.418000000000000010e-02
2.000000000000000000e+00,9.828499999999999737e-02,5.462200000000000388e-01,-1.003700000000000009e-01
2.000000000000000000e+00,-1.406100000000000128e-01,6.478899999999999659e-01,9.457300000000000428e-02
2.000000000000000000e+00,-4.723899999999999766e-01,4.784700000000000064e-01,1.667500000000000093e-01
2.000000000000000000e+00,-3.239500000000000157e-01,8.002000000000000224e-01,1.856800000000000117e-01
2.000000000000000000e+00,-4.836000000000000021e-02,6.245600000000000041e-01,-2.380399999999999877e-02
2.000000000000000000e+00,5.336599999999999677e-02,3.450400000000000134e-01,-4.033700000000000063e-01
2.000000000000000000e+00,1.895799999999999985e-01,1.021900000000000031e+00,1.248999999999999971e-01
2.000000000000000000e+00,-5.726799999999999669e-01,2.195400000000000129e-01,1.707400000000000029e-01
2.000000000000000000e+00,-8.672499999999999654e-01,3.958900000000000197e-01,4.481899999999999773e-01
2.000000000000000000e+00,7.557600000000000429e-02,3.897900000000000253e-01,9.257300000000000251e-02
2.000000000000000000e+00,1.622200000000000031e-01,6.636999999999999567e-01,-6.427299999999999680e-02
2.000000000000000000e+00,-1.441000000000000059e-01,9.479600000000000248e-01,1.018000000000000016e-01
2.000000000000000000e+00,-1.869799999999999934e-02,3.538200000000000234e-01,2.930499999999999772e-01
2.000000000000000000e+00,4.819999999999999840e-01,2.630799999999999805e-01,4.219100000000000072e-01
2.000000000000000000e+00,-4.837799999999999878e-01,2.220399999999999874e-01,2.973000000000000087e-01
2.000000000000000000e+00,4.966200000000000059e-01,6.507399999999999851e-01,2.265999999999999959e-01
2.000000000000000000e+00,-2.295300000000000118e-01,7.229799999999999560e-01,2.247699999999999976e-01
2.000000000000000000e+00,2.107300000000000006e-01,3.033100000000000240e-01,2.565500000000000003e-01
2.000000000000000000e+00,-3.214899999999999980e-01,3.227099999999999969e-01,-1.501599999999999879e-01
2.000000000000000000e+00,1.475899999999999990e-01,4.530399999999999983e-01,-3.918300000000000116e-01
2.000000000000000000e+00,5.713700000000000445e-01,1.533299999999999941e-01,2.560600000000000098e-01
2.000000000000000000e+00,1.465599999999999958e-01,2.527599999999999847e-01,2.703400000000000247e-01
2.000000000000000000e+00,-6.140200000000000102e-01,5.574500000000000011e-01,3.423399999999999777e-01
2.000000000000000000e+00,-2.390799999999999870e-01,8.109699999999999687e-01,1.856099999999999972e-01
2.000000000000000000e+00,-1.463500000000000079e-01,4.684599999999999875e-01,-5.664299999999999891e-02
2.000000000000000000e+00,6.336500000000000465e-01,4.599099999999999855e-01,4.274899999999999811e-01
2.000000000000000000e+00,5.196200000000000124e-02,7.025299999999999878e-01,3.594800000000000217e-01
2.000000000000000000e+00,-1.399900000000000033e-01,4.911499999999999755e-01,1.367099999999999982e-01
2.000000000000000000e+00,4.347900000000000098e-01,4.742600000000000149e-01,-2.848200000000000176e-01
2.000000000000000000e+00,-3.903599999999999848e-01,1.928999999999999881e-01,3.878199999999999703e-02
2.000000000000000000e+00,-3.562799999999999995e-02,1.746099999999999874e-01,-1.050299999999999984e-01
2.000000000000000000e+00,-2.596800000000000150e-02,8.545000000000000373e-01,1.169300000000000027e-02
2.000000000000000000e+00,5.867099999999999538e-01,6.707600000000000229e-01,5.844200000000000089e-02
2.000000000000000000e+00,-4.368900000000000006e-01,6.149499999999999966e-01,-1.031099999999999933e-01
2.000000000000000000e+00,-3.672300000000000009e-01,2.257599999999999885e-01,-1.983900000000000108e-01
2.000000000000000000e+00,1.597399999999999931e-01,4.290599999999999969e-01,3.562699999999999756e-01
2.000000000000000000e+00,-1.175299999999999956e-01,6.633999999999999897e-01,7.017799999999999594e-01
2.000000000000000000e+00,3.518999999999999906e-01,2.394600000000000062e-01,3.160899999999999821e-01
2.000000000000000000e+00,-2.692700000000000093e-01,6.953799999999999981e-01,2.605599999999999930e-02
2.000000000000000000e+00,8.482599999999999862e-02,5.930600000000000316e-01,1.634500000000000119e-01
2.000000000000000000e+00,5.785799999999999971e-02,7.178499999999999881e-01,4.516299999999999759e-01
2.000000000000000000e+00,-3.599200000000000177e-01,6.396899999999999809e-01,3.842599999999999905e-01
2.000000000000000000e+00,3.602299999999999947e-02,4.781799999999999939e-01,3.981700000000000239e-01
2.000000000000000000e+00,1.017099999999999949e-01,4.726199999999999846e-01,2.198400000000000007e-02
2.000000000000000000e+00,-8.360899999999999999e-01,2.854299999999999893e-02,3.757499999999999729e-01
2.000000000000000000e+00,-2.239299999999999902e-01,4.729300000000000170e-01,-7.301600000000000104e-03
2.000000000000000000e+00,-6.253699999999999537e-02,8.565599999999999881e-01,-1.434100000000000097e-01
2.000000000000000000e+00,2.999299999999999744e-01,5.962699999999999667e-01,2.154600000000000126e-01
2.000000000000000000e+00,-1.077000000000000041e-01,4.303600000000000203e-01,7.020600000000000174e-01
2.000000000000000000e+00,-2.248100000000000098e-01,1.096000000000000030e-01,7.760300000000000531e-02
2.000000000000000000e+00,2.815799999999999970e-01,3.342399999999999816e-01,-4.569700000000000151e-02
2.000000000000000000e+00,-1.980600000000000138e-01,7.149999999999999689e-01,6.810800000000000187e-02
2.000000000000000000e+00,1.568700000000000094e-01,3.497700000000000253e-01,-3.920200000000000073e-02
2.000000000000000000e+00,-2.569199999999999817e-01,6.398800000000000043e-01,2.071999999999999953e-01
2.000000000000000000e+00,5.093499999999999694e-01,6.053900000000000253e-02,-1.289700000000000013e-01
2.000000000000000000e+00,3.154699999999999727e-01,8.122200000000000530e-01,-2.505700000000000149e-01
2.000000000000000000e+00,1.179899999999999977e-01,5.804500000000000215e-01,-2.500899999999999998e-02
2.000000000000000000e+00,-4.206599999999999923e-02,6.294300000000000450e-01,-1.924299999999999899e-01
2.000000000000000000e+00,1.988900000000000112e-01,7.237599999999999589e-01,4.346099999999999963e-01
2.000000000000000000e+00,1.916599999999999970e-01,6.772700000000000387e-01,-2.495199999999999918e-01
2.000000000000000000e+00,-5.469399999999999817e-01,2.705899999999999972e-01,5.624200000000000310e-01
2.000000000000000000e+00,-1.789600000000000080e-01,9.018800000000000150e-01,1.331199999999999883e-01
2.000000000000000000e+00,-4.695900000000000074e-02,1.597800000000000054e-01,-6.134699999999999875e-02
2.000000000000000000e+00,4.879299999999999748e-01,7.161499999999999533e-01,2.506200000000000094e-01
2.000000000000000000e+00,1.276399999999999909e-04,2.509899999999999909e-01,8.400499999999999634e-02
2.000000000000000000e+00,-9.157999999999999474e-02,8.056799999999999518e-01,-8.517099999999999671e-03
2.000000000000000000e+00,-5.500199999999999534e-01,4.915300000000000225e-01,-9.559199999999999642e-02
2.000000000000000000e+00,1.895499999999999963e-01,2.458299999999999930e-01,2.579199999999999826e-01
2.000000000000000000e+00,5.355100000000000415e-01,2.999399999999999844e-01,-2.586499999999999910e-02
2.000000000000000000e+00,5.422799999999999843e-02,1.873700000000000088e-01,2.976800000000000002e-01
2.000000000000000000e+00,-3.070899999999999741e-01,8.228100000000000414e-01,8.065999999999999559e-02
2.000000000000000000e+00,1.732499999999999873e-01,1.252399999999999902e-01,2.493799999999999906e-01
2.000000000000000000e+00,9.891300000000000439e-03,3.666900000000000159e-01,1.701799999999999841e-02
2.000000000000000000e+00,1.552399999999999891e-01,3.509300000000000197e-01,-6.186699999999999838e-02
2.000000000000000000e+00,-3.805600000000000094e-01,3.495800000000000296e-02,-1.025599999999999984e-01
2.000000000000000000e+00,-5.161400000000000432e-01,5.536400000000000210e-01,-2.241699999999999943e-02
2.000000000000000000e+00,-2.967199999999999838e-01,8.088100000000000289e-01,2.055700000000000027e-01
2.000000000000000000e+00,1.783399999999999985e-01,4.209200000000000164e-01,3.384400000000000186e-01
2.000000000000000000e+00,1.504000000000000059e-01,2.683599999999999874e-01,-9.409599999999999909e-02
2.000000000000000000e+00,-3.178899999999999781e-02,3.356100000000000194e-01,1.884000000000000041e-03
2.000000000000000000e+00,-4.013300000000000201e-01,4.751699999999999813e-01,5.677600000000000424e-01
2.000000000000000000e+00,1.233299999999999952e-01,4.301699999999999968e-01,3.158199999999999896e-01
2.000000000000000000e+00,-1.814800000000000094e-02,6.411999999999999922e-01,2.772200000000000220e-01
2.000000000000000000e+00,-1.078400000000000053e-01,6.142199999999999882e-01,2.810799999999999965e-01
2.000000000000000000e+00,3.675100000000000033e-01,6.643099999999999561e-01,1.318600000000000050e-01
2.000000000000000000e+00,2.756600000000000161e-01,6.996700000000000141e-01,-1.699600000000000000e-01
2.000000000000000000e+00,1.152100000000000068e-01,2.848600000000000021e-01,2.185900000000000065e-01
2.000000000000000000e+00,-2.844999999999999751e-01,9.415900000000000380e-01,2.852399999999999936e-01
2.000000000000000000e+00,-5.219500000000000250e-01,7.639399999999999524e-01,2.331000000000000016e-01
2.000000000000000000e+00,-7.343299999999999828e-02,3.274599999999999733e-01,1.279800000000000104e-01
2.000000000000000000e+00,-3.126200000000000090e-01,2.077700000000000102e-01,1.757299999999999973e-01
2.000000000000000000e+00,-4.807600000000000207e-01,5.351500000000000146e-01,-2.565800000000000025e-02
2.000000000000000000e+00,7.337399999999999478e-01,6.537500000000000533e-01,2.330399999999999971e-01
2.000000000000000000e+00,5.771300000000000319e-01,3.843300000000000050e-01,1.825400000000000078e-01
2.000000000000000000e+00,-5.045699999999999630e-01,4.542300000000000226e-01,-1.819399999999999906e-01
2.000000000000000000e+00,-7.875199999999999978e-01,6.700899999999999634e-01,-2.679900000000000060e-01
2.000000000000000000e+00,1.523700000000000054e-01,4.742899999999999894e-01,-2.119699999999999918e-01
2.000000000000000000e+00,1.434699999999999864e-01,6.361099999999999532e-01,-6.935499999999999998e-02
2.000000000000000000e+00,-7.223199999999999621e-01,4.084900000000000198e-01,-3.211899999999999755e-01
2.000000000000000000e+00,-1.712599999999999956e-01,5.888299999999999645e-01,-3.050399999999999778e-01
2.000000000000000000e+00,2.577599999999999891e-01,5.202200000000000157e-01,4.123099999999999682e-02
2.000000000000000000e+00,2.139399999999999913e-01,7.881299999999999972e-01,-9.392100000000000448e-02
2.000000000000000000e+00,2.185400000000000120e-01,5.711899999999999755e-01,4.142199999999999771e-01
2.000000000000000000e+00,4.489900000000000002e-01,3.486699999999999799e-01,4.242299999999999960e-01
2.000000000000000000e+00,-5.210500000000000131e-01,7.219200000000000617e-02,3.107699999999999907e-01
2.000000000000000000e+00,-5.845900000000000228e-03,3.428300000000000236e-01,3.671800000000000064e-01
2.000000000000000000e+00,-6.322499999999999787e-01,1.852600000000000080e-01,1.421099999999999863e-01
2.000000000000000000e+00,4.685000000000000275e-01,4.158999999999999919e-01,4.157100000000000239e-01
2.000000000000000000e+00,3.748800000000000049e-02,7.051199999999999690e-01,2.049199999999999910e-01
2.000000000000000000e+00,-1.772600000000000009e-01,5.965399999999999592e-01,-1.833799999999999875e-01
2.000000000000000000e+00,-5.612099999999999866e-01,8.167999999999999705e-01,1.957500000000000073e-01
2.000000000000000000e+00,-5.813300000000000134e-01,4.095300000000000051e-01,-4.402699999999999669e-02
2.000000000000000000e+00,-3.931399999999999895e-01,1.215799999999999936e-01,5.500500000000000389e-01
2.000000000000000000e+00,-1.885099999999999970e-02,2.161599999999999910e-01,-2.212700000000000083e-02
2.000000000000000000e+00,-4.830899999999999778e-02,4.889100000000000112e-01,-1.868200000000000138e-01
2.000000000000000000e+00,1.367099999999999982e-01,4.828000000000000069e-01,3.178699999999999859e-01
2.000000000000000000e+00,1.440800000000000136e-01,5.238699999999999468e-01,1.125700000000000034e-01
2.000000000000000000e+00,1.850499999999999923e-01,4.376900000000000235e-01,4.472999999999999754e-01
2.000000000000000000e+00,6.672599999999999643e-01,2.301700000000000135e-01,2.873499999999999943e-01
2.000000000000000000e+00,6.370000000000000662e-02,5.279199999999999449e-01,3.147300000000000098e-01
2.000000000000000000e+00,5.713500000000000245e-01,3.983700000000000019e-01,-3.231499999999999928e-01
2.000000000000000000e+00,-2.716100000000000181e-01,5.263600000000000501e-01,4.182600000000000207e-01
2.000000000000000000e+00,-3.075600000000000001e-01,2.233499999999999930e-01,2.205999999999999905e-01
2.000000000000000000e+00,3.125399999999999845e-01,4.545299999999999896e-01,3.727900000000000102e-01
2.000000000000000000e+00,1.828100000000000003e-01,6.246800000000000130e-01,-5.603299999999999947e-02
2.000000000000000000e+00,4.333699999999999775e-01,8.475700000000000456e-01,-2.621399999999999841e-01
2.000000000000000000e+00,3.840399999999999925e-01,7.818100000000000049e-01,3.072099999999999831e-01
2.000000000000000000e+00,-5.089799999999999880e-01,3.775899999999999812e-01,1.338499999999999968e-01
2.000000000000000000e+00,8.444799999999999529e-02,7.879300000000000193e-01,1.878100000000000047e-01
2.000000000000000000e+00,-1.456600000000000117e-01,4.589099999999999846e-01,-1.983900000000000108e-01
2.000000000000000000e+00,-2.896199999999999886e-01,8.806399999999999784e-01,2.399600000000000066e-01
2.000000000000000000e+00,4.793200000000000238e-02,3.792499999999999760e-01,1.339299999999999935e-01
2.000000000000000000e+00,-4.225299999999999889e-02,4.818500000000000005e-01,1.962899999999999923e-01
2.000000000000000000e+00,-2.291199999999999903e-01,8.773999999999999577e-01,2.459300000000000097e-01
2.000000000000000000e+00,-1.375500000000000056e-01,4.372699999999999920e-01,1.632600000000000023e-02
2.000000000000000000e+00,4.056600000000000206e-01,6.576400000000000023e-01,3.355000000000000204e-01
2.000000000000000000e+00,-3.097499999999999906e-02,4.683200000000000141e-01,3.460799999999999987e-01
2.000000000000000000e+00,-4.564799999999999969e-01,6.392299999999999649e-01,1.008899999999999936e-01
2.000000000000000000e+00,-1.307899999999999896e-01,8.860599999999999588e-01,8.758599999999999719e-02
2.000000000000000000e+00,-6.275300000000000322e-02,7.490799999999999681e-01,-2.030099999999999960e-01
2.000000000000000000e+00,2.862399999999999944e-01,5.779499999999999638e-01,-2.521700000000000053e-01
2.000000000000000000e+00,5.643799999999999928e-01,3.353300000000000169e-01,-1.183400000000000007e-01
2.000000000000000000e+00,4.691400000000000015e-01,4.388099999999999778e-01,2.383099999999999941e-01
2.000000000000000000e+00,-5.055699999999999639e-01,3.011699999999999933e-01,6.921499999999999875e-02
2.000000000000000000e+00,-8.873499999999999444e-02,5.122799999999999576e-01,7.966900000000000370e-02
2.000000000000000000e+00,7.355399999999999439e-02,5.318800000000000194e-01,3.302999999999999825e-01
2.000000000000000000e+00,-5.549500000000000544e-01,8.207400000000000251e-01,-9.718000000000000249e-02
2.000000000000000000e+00,5.408899999999999819e-02,4.037899999999999823e-02,1.788200000000000067e-01
2.000000000000000000e+00,-8.548300000000000343e-02,-5.533699999999999730e-02,-6.365999999999999437e-02
2.000000000000000000e+00,4.136600000000000277e-01,4.505899999999999905e-01,3.421299999999999897e-01
2.000000000000000000e+00,-1.181399999999999985e-03,3.137099999999999889e-01,1.747199999999999864e-01
2.000000000000000000e+00,1.207600000000000062e-01,9.501199999999999646e-01,-8.338200000000000472e-03
2.000000000000000000e+00,5.276100000000000234e-01,2.677399999999999780e-01,-6.771800000000000042e-02
2.000000000000000000e+00,-2.039799999999999947e-01,1.669499999999999873e-01,-1.409999999999999865e-01
2.000000000000000000e+00,-7.800599999999999756e-01,1.014599999999999946e+00,1.559800000000000075e-01
2.000000000000000000e+00,3.458499999999999908e-01,7.426899999999999613e-01,3.681300000000000128e-01
2.000000000000000000e+00,-2.349299999999999999e-01,6.099799999999999667e-01,2.601200000000000179e-01
2.000000000000000000e+00,6.597800000000000331e-01,4.546200000000000241e-01,-1.093500000000000028e-01
2.000000000000000000e+00,-4.553099999999999925e-01,6.310700000000000198e-01,8.168899999999999773e-02
2.000000000000000000e+00,3.738000000000000211e-01,8.468099999999999516e-01,2.747399999999999842e-01
2.000000000000000000e+00,-1.183099999999999985e-01,8.447900000000000409e-01,4.112500000000000044e-01
2.000000000000000000e+00,-7.379400000000000404e-01,4.431899999999999729e-01,-2.181899999999999951e-01
2.000000000000000000e+00,-2.872100000000000208e-01,7.338099999999999623e-01,8.016600000000000115e-02
2.000000000000000000e+00,-8.092999999999999500e-03,2.504100000000000215e-01,-1.021299999999999986e-01
2.000000000000000000e+00,-3.498100000000000098e-01,5.887299999999999756e-01,-3.781400000000000039e-02
2.000000000000000000e+00,4.780300000000000105e-01,4.100099999999999856e-01,2.134000000000000064e-01
2.000000000000000000e+00,-2.705500000000000127e-01,5.655099999999999572e-01,1.353999999999999926e-01
2.000000000000000000e+00,-8.773400000000000643e-02,6.764799999999999702e-01,1.847699999999999898e-01
2.000000000000000000e+00,3.856999999999999873e-01,9.216900000000000093e-02,1.896299999999999930e-01
2.000000000000000000e+00,4.647800000000000264e-01,1.096600000000000019e+00,2.893299999999999761e-01
2.000000000000000000e+00,1.177900000000000058e-01,7.853299999999999725e-01,5.937300000000000390e-03
2.000000000000000000e+00,1.667099999999999832e-02,4.506000000000000005e-01,6.065700000000000536e-01
2.000000000000000000e+00,-2.218299999999999994e-01,5.319500000000000339e-01,1.393500000000000016e-01
2.000000000000000000e+00,2.884999999999999787e-01,4.216199999999999948e-01,4.345500000000000057e-02
2.000000000000000000e+00,-5.019200000000000328e-01,4.772000000000000131e-01,-5.624599999999999739e-02
2.000000000000000000e+00,-3.456999999999999656e-02,5.456100000000000394e-01,8.360599999999999976e-02
2.000000000000000000e+00,2.337200000000000111e-01,1.936499999999999888e-01,1.747100000000000042e-02
2.000000000000000000e+00,-5.762799999999999867e-02,5.415299999999999558e-01,2.908100000000000129e-01
2.000000000000000000e+00,5.989900000000000085e-02,3.134899999999999909e-01,8.400599999999999734e-02
2.000000000000000000e+00,-6.001600000000000268e-01,6.228900000000000547e-01,2.179300000000000126e-01
2.000000000000000000e+00,-2.970800000000000107e-01,3.934900000000000064e-01,1.972500000000000087e-01
2.000000000000000000e+00,6.876500000000000667e-02,3.406700000000000006e-02,2.373500000000000054e-01
2.000000000000000000e+00,-3.929799999999999960e-01,8.435099999999999820e-01,-2.396899999999999864e-01
2.000000000000000000e+00,-6.668799999999999728e-02,3.623399999999999954e-01,-2.721299999999999830e-01
2.000000000000000000e+00,-1.945699999999999930e-01,3.831100000000000061e-01,1.279899999999999927e-01
2.000000000000000000e+00,-2.969300000000000272e-01,6.667600000000000193e-01,1.572399999999999909e-01
2.000000000000000000e+00,2.745600000000000263e-01,1.105199999999999932e-01,2.086300000000000099e-01
2.000000000000000000e+00,-6.159799999999999720e-01,6.306899999999999729e-01,1.816699999999999982e-01
2.000000000000000000e+00,4.242600000000000017e-03,6.237200000000000522e-01,-4.882199999999999734e-02
2.000000000000000000e+00,-4.533700000000000230e-02,6.555999999999999606e-01,-1.208700000000000052e-01
2.000000000000000000e+00,7.095200000000000395e-01,3.296299999999999786e-01,2.125599999999999989e-01
2.000000000000000000e+00,-2.476399999999999990e-01,6.320200000000000262e-01,-9.346999999999999753e-02
2.000000000000000000e+00,-4.488400000000000167e-01,6.812899999999999512e-01,2.496599999999999930e-01
2.000000000000000000e+00,-2.958399999999999919e-01,4.835200000000000053e-01,-5.439599999999999991e-02
2.000000000000000000e+00,6.749100000000000099e-01,3.087400000000000144e-01,2.980900000000000216e-01
2.000000000000000000e+00,-3.623500000000000054e-01,6.829100000000000170e-01,9.304700000000000470e-02
2.000000000000000000e+00,-4.919099999999999862e-02,8.836800000000000210e-01,1.907899999999999874e-01
2.000000000000000000e+00,-4.309200000000000252e-01,6.869300000000000406e-01,4.206599999999999784e-01
2.000000000000000000e+00,1.863700000000000079e-01,7.617399999999999727e-01,1.563400000000000067e-01
2.000000000000000000e+00,5.013999999999999568e-01,4.784200000000000119e-01,1.505599999999999994e-01
2.000000000000000000e+00,-6.102899999999999991e-01,6.149799999999999711e-01,2.877799999999999803e-01
2.000000000000000000e+00,-2.610700000000000243e-01,3.746700000000000030e-01,2.434999999999999942e-01
2.000000000000000000e+00,-1.613700000000000134e-01,5.721500000000000474e-01,5.681199999999999584e-01
2.000000000000000000e+00,-2.203700000000000103e-01,4.909899999999999820e-01,-1.927800000000000069e-01
2.000000000000000000e+00,1.142800000000000066e-02,3.666200000000000014e-01,-2.353200000000000014e-01
2.000000000000000000e+00,3.625399999999999734e-01,4.074400000000000244e-01,-6.017499999999999932e-02
2.000000000000000000e+00,3.191599999999999993e-01,7.974699999999999844e-02,2.936799999999999966e-01
2.000000000000000000e+00,-1.168099999999999972e-01,2.666499999999999981e-01,4.229899999999999771e-01
2.000000000000000000e+00,-2.915599999999999858e-01,5.367899999999999894e-01,6.734800000000000508e-02
2.000000000000000000e+00,-4.313000000000000167e-01,6.059400000000000341e-01,2.857899999999999885e-01
2.000000000000000000e+00,2.265399999999999914e-01,4.661799999999999833e-01,9.617199999999999360e-02
2.000000000000000000e+00,5.599300000000000388e-01,5.740399999999999947e-01,4.043200000000000127e-01
2.000000000000000000e+00,-3.607600000000000251e-01,5.223499999999999810e-01,3.748600000000000265e-01
2.000000000000000000e+00,5.097599999999999909e-01,7.603100000000000414e-01,2.966300000000000048e-01
2.000000000000000000e+00,4.047799999999999732e-01,2.945699999999999985e-01,4.951800000000000090e-01
2.000000000000000000e+00,-5.349099999999999966e-01,2.627099999999999991e-01,2.415200000000000125e-01
2.000000000000000000e+00,3.092799999999999994e-01,4.850800000000000112e-01,4.362900000000000111e-01
2.000000000000000000e+00,2.473799999999999888e-01,6.933599999999999763e-01,1.640700000000000144e-02
2.000000000000000000e+00,-2.315899999999999903e-02,3.463899999999999757e-01,-2.438200000000000089e-01
2.000000000000000000e+00,4.995499999999999940e-01,3.681099999999999928e-01,-2.099300000000000055e-01
2.000000000000000000e+00,4.764100000000000001e-01,2.101699999999999957e-01,1.077000000000000041e-01
2.000000000000000000e+00,-6.146500000000000297e-01,2.048500000000000043e-01,2.541399999999999770e-01
2.000000000000000000e+00,1.604200000000000070e-01,5.093100000000000405e-01,2.089799999999999991e-01
2.000000000000000000e+00,3.030200000000000116e-01,6.489500000000000268e-01,-2.126800000000000079e-01
2.000000000000000000e+00,-3.186899999999999733e-01,4.750800000000000023e-01,4.292900000000000049e-01
2.000000000000000000e+00,-2.286999999999999866e-01,4.274200000000000221e-01,6.757799999999999918e-02
2.000000000000000000e+00,-6.688399999999999901e-01,5.357800000000000340e-01,2.328099999999999892e-01
2.000000000000000000e+00,-5.347499999999999476e-01,5.463200000000000278e-01,-1.063599999999999962e-01
2.000000000000000000e+00,-5.843199999999999505e-01,3.809199999999999808e-01,4.030299999999999994e-01
2.000000000000000000e+00,-2.157499999999999973e-01,8.144900000000000473e-01,-2.069699999999999873e-01
2.000000000000000000e+00,3.297599999999999976e-01,5.334699999999999998e-01,2.100899999999999990e-01
2.000000000000000000e+00,2.648499999999999743e-01,-8.511399999999999522e-02,-2.842599999999999988e-02
2.000000000000000000e+00,-6.251600000000000212e-02,3.414900000000000158e-01,1.149400000000000005e-01
2.000000000000000000e+00,1.040500000000000036e-01,5.483200000000000296e-01,4.672599999999999670e-02
2.000000000000000000e+00,-3.311999999999999944e-01,1.805900000000000005e-01,9.299999999999999933e-02
2.000000000000000000e+00,-6.062499999999999833e-02,7.348999999999999977e-01,5.252799999999999692e-01
2.000000000000000000e+00,2.192999999999999949e-01,2.315200000000000036e-01,5.651699999999999502e-01
2.000000000000000000e+00,3.550799999999999790e-02,6.289900000000000491e-01,-1.555400000000000116e-01
2.000000000000000000e+00,-5.558899999999999952e-01,4.783399999999999874e-01,5.977500000000000036e-01
2.000000000000000000e+00,2.021000000000000019e-01,2.747899999999999787e-01,-8.445300000000000029e-02
2.000000000000000000e+00,3.637400000000000078e-01,5.744799999999999907e-01,3.716200000000000059e-01
2.000000000000000000e+00,-6.184399999999999897e-01,4.580600000000000227e-01,2.569600000000000009e-03
2.000000000000000000e+00,2.002400000000000013e-01,3.515900000000000136e-01,2.691500000000000004e-01
2.000000000000000000e+00,1.356600000000000028e-01,6.598800000000000221e-01,-8.913400000000000142e-03
2.000000000000000000e+00,-4.214600000000000291e-02,7.114300000000000068e-01,5.156300000000000328e-01
2.000000000000000000e+00,2.217699999999999949e-01,5.022799999999999487e-01,3.039399999999999880e-01
2.000000000000000000e+00,-3.029600000000000071e-01,4.187899999999999956e-01,2.785400000000000098e-01
2.000000000000000000e+00,5.850600000000000245e-01,6.210400000000000365e-01,-2.770900000000000030e-01
2.000000000000000000e+00,-5.165999999999999481e-01,3.914799999999999947e-01,9.259499999999999675e-02
2.000000000000000000e+00,3.605699999999999877e-02,9.778900000000000370e-01,1.825400000000000078e-01
2.000000000000000000e+00,7.289400000000000324e-01,7.671599999999999531e-01,3.822400000000000242e-01
2.000000000000000000e+00,-2.577600000000000030e-02,3.779699999999999727e-01,1.488899999999999946e-01
2.000000000000000000e+00,4.922900000000000054e-01,1.564000000000000112e-01,1.129700000000000010e-01
2.000000000000000000e+00,2.383200000000000041e-01,4.051400000000000001e-01,1.081899999999999945e-01
2.000000000000000000e+00,-3.262399999999999745e-01,3.584700000000000109e-01,3.014600000000000057e-01
2.000000000000000000e+00,4.479000000000000203e-01,6.264300000000000423e-01,-2.902899999999999925e-01
2.000000000000000000e+00,2.857500000000000040e-01,9.761200000000000432e-02,3.277799999999999984e-03
2.000000000000000000e+00,2.338200000000000001e-01,6.331099999999999506e-01,3.282499999999999862e-01
2.000000000000000000e+00,2.642300000000000204e-01,4.832600000000000229e-01,3.409699999999999953e-01
2.000000000000000000e+00,1.253900000000000015e-01,4.465199999999999725e-01,1.218999999999999945e-01
2.000000000000000000e+00,1.176800000000000068e-01,5.305100000000000371e-01,-1.711699999999999888e-01
2.000000000000000000e+00,5.566800000000000220e-02,2.047100000000000031e-01,-1.426900000000000113e-01
2.000000000000000000e+00,-3.059100000000000014e-02,1.108999999999999986e+00,1.276599999999999957e-01
2.000000000000000000e+00,-6.487400000000000111e-02,5.923399999999999777e-01,3.119100000000000206e-01
2.000000000000000000e+00,7.439799999999999747e-01,1.050200000000000022e+00,2.961900000000000088e-01
2.000000000000000000e+00,3.725700000000000123e-01,1.659799999999999887e-01,-3.457099999999999757e-02
2.000000000000000000e+00,4.738899999999999779e-01,5.467699999999999783e-01,2.403800000000000103e-01
2.000000000000000000e+00,-2.239700000000000024e-01,8.511999999999999567e-01,-1.203899999999999970e-01
2.000000000000000000e+00,5.329300000000000148e-01,8.167200000000000015e-01,-1.545799999999999952e-03
2.000000000000000000e+00,-3.954099999999999837e-01,7.626800000000000246e-01,1.693800000000000028e-01
2.000000000000000000e+00,3.164600000000000191e-01,5.633500000000000174e-01,-3.046300000000000119e-01
2.000000000000000000e+00,-2.561199999999999935e-02,6.777999999999999581e-01,2.102800000000000155e-02
2.000000000000000000e+00,-1.150800000000000017e-01,1.447700000000000098e-01,3.022799999999999931e-01
2.000000000000000000e+00,-5.040499999999999980e-01,7.526000000000000467e-01,2.840799999999999992e-01
2.000000000000000000e+00,-4.663499999999999868e-01,2.020500000000000074e-01,1.957899999999999918e-01
2.000000000000000000e+00,7.262899999999999912e-01,6.701500000000000512e-02,-2.724199999999999885e-02
2.000000000000000000e+00,1.770200000000000107e-01,5.273099999999999454e-01,5.798600000000000421e-01
2.000000000000000000e+00,1.439999999999999891e-01,4.830699999999999994e-01,3.042500000000000204e-01
2.000000000000000000e+00,-7.104300000000000059e-01,3.556300000000000017e-01,9.188000000000000334e-02
2.000000000000000000e+00,1.930900000000000116e-01,4.952400000000000135e-01,-1.388699999999999934e-01
2.000000000000000000e+00,-6.537199999999999678e-01,7.364600000000000035e-01,-1.898799999999999932e-01
2.000000000000000000e+00,-3.290000000000000147e-01,6.836400000000000254e-01,3.627199999999999869e-01
2.000000000000000000e+00,3.389300000000000090e-01,4.487200000000000077e-01,5.213799999999999546e-01
2.000000000000000000e+00,-4.043900000000000272e-02,5.536799999999999500e-01,-7.543999999999999317e-02
2.000000000000000000e+00,-2.156999999999999890e-02,7.785199999999999898e-01,1.624700000000000033e-01
2.000000000000000000e+00,-1.357000000000000046e-02,2.182499999999999996e-01,-1.372400000000000009e-02
2.000000000000000000e+00,3.967399999999999816e-01,5.842800000000000216e-01,4.014300000000000090e-01
2.000000000000000000e+00,6.214499999999999469e-01,6.293199999999999905e-01,3.150899999999999812e-01
2.000000000000000000e+00,2.762399999999999856e-01,5.315400000000000125e-01,2.085400000000000031e-01
2.000000000000000000e+00,-4.338199999999999834e-01,3.447500000000000009e-01,-1.232399999999999989e-02
2.000000000000000000e+00,4.812899999999999956e-01,6.226899999999999658e-01,8.673699999999999466e-03
2.000000000000000000e+00,1.365599999999999870e-01,2.913799999999999724e-01,6.816499999999999782e-01
2.000000000000000000e+00,7.349099999999999522e-01,8.435899999999999510e-01,4.602700000000000125e-01
2.000000000000000000e+00,-5.101900000000000324e-01,2.014499999999999902e-01,-2.414699999999999902e-01
2.000000000000000000e+00,1.304599999999999926e-01,9.297199999999999909e-01,-5.979399999999999993e-02
2.000000000000000000e+00,3.140700000000000158e-01,7.023099999999999898e-01,-3.368300000000000183e-01
2.000000000000000000e+00,-5.597999999999999643e-01,9.228499999999999481e-01,-3.273500000000000021e-02
2.000000000000000000e+00,-5.647900000000000142e-01,5.335800000000000542e-01,6.620399999999999896e-02
2.000000000000000000e+00,-5.949799999999999534e-01,2.670500000000000096e-01,6.487900000000000611e-02
2.000000000000000000e+00,4.325300000000000256e-01,4.006000000000000116e-01,1.162099999999999939e-01
2.000000000000000000e+00,-2.514199999999999768e-01,1.386999999999999900e-01,5.095199999999999729e-02
2.000000000000000000e+00,4.417699999999999960e-01,5.857099999999999529e-01,1.504800000000000026e-01
2.000000000000000000e+00,-3.423399999999999777e-01,2.219700000000000006e-01,3.777300000000000102e-01
2.000000000000000000e+00,-4.979100000000000192e-01,5.734500000000000153e-01,2.762600000000000056e-01
2.000000000000000000e+00,-2.173400000000000054e-01,4.654699999999999949e-01,-5.519899999999999807e-02
2.000000000000000000e+00,8.744599999999999596e-02,7.241900000000000004e-01,1.885199999999999931e-01
2.000000000000000000e+00,4.617100000000000093e-01,5.841699999999999671e-01,4.355299999999999727e-01
2.000000000000000000e+00,-1.758099999999999941e-01,1.131299999999999945e-01,-1.876500000000000112e-01
2.000000000000000000e+00,-2.460900000000000032e-01,3.373700000000000032e-01,-2.522800000000000042e-01
2.000000000000000000e+00,-5.385500000000000009e-02,4.844600000000000017e-01,1.056400000000000047e-02
2.000000000000000000e+00,-1.555499999999999938e-01,3.682500000000000218e-01,3.838599999999999790e-01
2.000000000000000000e+00,-4.969199999999999728e-01,5.855700000000000349e-01,5.837499999999999911e-01
2.000000000000000000e+00,5.129200000000000426e-01,4.648300000000000209e-01,-9.128100000000000103e-02
2.000000000000000000e+00,1.753599999999999881e-01,4.541100000000000136e-01,-1.685500000000000054e-01
2.000000000000000000e+00,2.897299999999999875e-01,8.680200000000000138e-01,4.773200000000000220e-01
2.000000000000000000e+00,-5.009099999999999664e-01,5.254600000000000382e-01,1.997599999999999931e-01
2.000000000000000000e+00,-6.950199999999999712e-01,4.612600000000000033e-01,-3.093399999999999969e-02
2.000000000000000000e+00,-5.147300000000000209e-01,6.513900000000000245e-01,4.153100000000000125e-01
2.000000000000000000e+00,3.189799999999999858e-01,3.709500000000000020e-01,5.002299999999999525e-01
2.000000000000000000e+00,8.652400000000000369e-02,8.947800000000000198e-01,4.855899999999999800e-02
2.000000000000000000e+00,-5.849200000000000232e-02,5.478699999999999681e-01,-4.315200000000000147e-01
2.000000000000000000e+00,5.509399999999999853e-01,3.641099999999999892e-01,3.942700000000000093e-01
2.000000000000000000e+00,-4.677200000000000246e-01,4.099800000000000111e-01,4.073599999999999999e-01
2.000000000000000000e+00,9.748500000000000221e-02,5.170799999999999841e-01,-1.120700000000000029e-01
2.000000000000000000e+00,3.654700000000000171e-01,1.086600000000000010e+00,7.751399999999999957e-02
2.000000000000000000e+00,4.209999999999999853e-01,5.434499999999999886e-01,5.320300000000000029e-01
2.000000000000000000e+00,4.124700000000000033e-01,5.570699999999999541e-01,-4.759100000000000136e-02
2.000000000000000000e+00,9.994000000000000106e-02,7.424399999999999888e-01,6.930699999999999361e-02
2.000000000000000000e+00,6.511300000000000247e-03,4.450899999999999856e-01,6.715200000000000058e-01
2.000000000000000000e+00,-5.622700000000000475e-01,4.233600000000000141e-01,1.421600000000000086e-01
2.000000000000000000e+00,-7.880599999999999827e-01,2.026799999999999990e-01,-3.016500000000000084e-02
2.000000000000000000e+00,4.162500000000000089e-01,3.106300000000000172e-01,1.667800000000000116e-01
2.000000000000000000e+00,2.626199999999999975e-03,5.080400000000000471e-01,2.101200000000000012e-01
2.000000000000000000e+00,-5.836999999999999966e-01,5.023499999999999632e-01,3.238699999999999912e-01
2.000000000000000000e+00,-4.240200000000000219e-02,4.312199999999999922e-01,8.376799999999999524e-02
2.000000000000000000e+00,-4.509500000000000175e-01,1.100499999999999950e-01,-3.069700000000000206e-01
2.000000000000000000e+00,-7.831100000000000561e-02,4.067299999999999804e-01,2.924200000000000133e-01
2.000000000000000000e+00,-7.885499999999999732e-01,2.126800000000000079e-01,1.039100000000000024e-01
2.000000000000000000e+00,-2.885800000000000032e-01,2.501800000000000135e-01,4.821600000000000191e-02
2.000000000000000000e+00,7.317500000000000115e-01,4.994899999999999896e-01,-8.676100000000000478e-02
2.000000000000000000e+00,-3.610900000000000221e-01,4.128399999999999848e-01,1.803700000000000025e-01
2.000000000000000000e+00,6.679199999999999582e-01,6.185800000000000187e-01,2.442600000000000049e-01
2.000000000000000000e+00,-3.984800000000000009e-01,7.818000000000000504e-01,9.589100000000000401e-02
2.000000000000000000e+00,-5.363799999999999679e-01,6.033399999999999874e-01,-2.056200000000000042e-02
2.000000000000000000e+00,2.694799999999999973e-01,5.753099999999999881e-01,7.870399999999999618e-02
2.000000000000000000e+00,-2.615100000000000202e-01,5.609600000000000142e-01,9.905500000000000416e-02
2.000000000000000000e+00,7.370499999999999829e-01,1.918799999999999950e-01,1.992400000000000004e-01
2.000000000000000000e+00,2.447900000000000076e-01,8.987399999999999556e-02,-3.336500000000000056e-04
