0.000000000000000000e+00,-5.598300000000000498e-01,-5.324900000000000189e-01,-5.023900000000000032e-01,-1.742700000000000082e-01
0.000000000000000000e+00,-2.395299999999999929e-01,1.538299999999999945e-01,2.379399999999999918e-02,-2.244700000000000029e-01
0.000000000000000000e+00,-6.192299999999999471e-01,-9.393800000000000761e-03,-4.794599999999999973e-01,-1.685000000000000109e-01
0.000000000000000000e+00,-5.144499999999999629e-01,1.872000000000000053e-02,-1.124799999999999967e-01,4.782500000000000084e-01
0.000000000000000000e+00,-5.475100000000000522e-01,2.396000000000000074e-01,-7.698499999999999788e-02,-9.401599999999999957e-01
0.000000000000000000e+00,-1.066300000000000026e+00,1.409600000000000020e-01,2.661999999999999922e-01,-1.479000000000000037e-01
0.000000000000000000e+00,-7.253100000000000103e-01,3.695800000000000196e-01,2.082000000000000170e-02,-5.860699999999999799e-01
0.000000000000000000e+00,-9.591800000000000326e-01,-1.466600000000000126e-01,-5.057899999999999618e-01,-2.618599999999999817e-01
0.000000000000000000e+00,-9.377600000000000380e-01,1.831299999999999872e-01,-3.957800000000000207e-01,-3.876600000000000046e-01
0.000000000000000000e+00,-5.143299999999999539e-01,-3.228500000000000258e-01,-7.201600000000000223e-01,-1.020599999999999979e-01
0.000000000000000000e+00,-1.085299999999999931e+00,-1.233100000000000029e-01,-3.762499999999999734e-01,1.968699999999999894e-01
0.000000000000000000e+00,-9.459199999999999831e-01,1.800900000000000001e-01,-5.136600000000000055e-01,-2.140700000000000103e-01
0.000000000000000000e+00,-3.888900000000000134e-01,-1.911499999999999866e-01,7.993500000000000605e-02,1.618999999999999953e-02
0.000000000000000000e+00,-7.086999999999999966e-01,5.452200000000000379e-01,-1.607800000000000062e-01,-6.593400000000000372e-01
0.000000000000000000e+00,-8.911200000000000232e-01,-5.255400000000000071e-01,-6.372700000000000031e-01,-2.979999999999999871e-01
0.000000000000000000e+00,-6.584900000000000198e-01,-2.904200000000000115e-01,-1.510599999999999998e-01,-2.871199999999999863e-01
0.000000000000000000e+00,-5.940800000000000525e-01,6.969999999999999807e-02,4.698599999999999999e-01,-5.946900000000000519e-01
0.000000000000000000e+00,-1.675399999999999945e-01,-2.310399999999999954e-01,2.761000000000000121e-01,-5.169899999999999496e-01
0.000000000000000000e+00,-4.674900000000000166e-01,-5.019900000000000473e-01,-2.742399999999999873e-03,4.512200000000000065e-03
0.000000000000000000e+00,-8.030599999999999961e-01,1.811099999999999932e-01,-3.252599999999999936e-01,-4.930399999999999783e-01
0.000000000000000000e+00,-4.630500000000000171e-01,-1.035499999999999962e-02,2.394499999999999962e-01,-8.930599999999999650e-01
0.000000000000000000e+00,-2.270899999999999863e-01,-3.150499999999999967e-01,-3.119700000000000251e-01,1.134399999999999992e-01
0.000000000000000000e+00,-6.368200000000000527e-01,1.128200000000000036e-01,1.747400000000000064e-01,-4.159599999999999964e-01
0.000000000000000000e+00,-3.448999999999999844e-01,-9.461999999999999578e-02,-8.254500000000000171e-01,4.836599999999999927e-02
0.000000000000000000e+00,-4.140499999999999736e-01,1.636799999999999922e-01,-3.151399999999999757e-01,-6.644299999999999651e-01
0.000000000000000000e+00,-7.950700000000000545e-01,1.704600000000000004e-01,9.118700000000000416e-02,-2.241299999999999959e-01
0.000000000000000000e+00,-8.421699999999999742e-01,2.149399999999999922e-02,1.656600000000000017e-01,-4.231400000000000161e-01
0.000000000000000000e+00,-4.541700000000000181e-01,-4.963000000000000189e-01,1.171600000000000003e-01,-1.246000000000000024e-01
0.000000000000000000e+00,-5.289399999999999658e-01,-1.048300000000000065e-01,-3.485099999999999865e-01,8.791100000000000303e-02
0.000000000000000000e+00,-9.488100000000000422e-01,1.672299999999999898e-01,4.886300000000000088e-01,-6.352799999999999558e-01
0.000000000000000000e+00,-6.628199999999999648e-01,1.339799999999999880e-01,1.122900000000000009e-01,-9.397500000000000298e-02
0.000000000000000000e+00,-1.052000000000000046e+00,-6.060399999999999641e-03,6.167899999999999772e-02,-2.648099999999999898e-01
0.000000000000000000e+00,-1.662099999999999966e-01,-1.524299999999999961e-02,1.839999999999999969e-02,-4.699999999999999734e-01
0.000000000000000000e+00,-5.466199999999999948e-01,1.386900000000000077e-01,-4.769700000000000051e-01,-2.752899999999999792e-01
0.000000000000000000e+00,-4.209499999999999909e-01,1.569800000000000084e-01,1.803400000000000003e-01,-4.474099999999999744e-01
0.000000000000000000e+00,-1.650099999999999831e-02,-2.367900000000000005e-01,-1.629899999999999960e-01,4.086200000000000249e-02
0.000000000000000000e+00,-6.622000000000000108e-01,2.120700000000000085e-01,-6.760399999999999743e-01,-1.130700000000000038e-01
0.000000000000000000e+00,-7.355899999999999661e-01,1.766600000000000115e-01,-6.267899999999999583e-01,-2.225100000000000133e-01
0.000000000000000000e+00,-5.174600000000000311e-01,2.584799999999999875e-01,-2.567800000000000082e-01,-1.638900000000000079e-01
0.000000000000000000e+00,-4.022499999999999964e-01,-1.072400000000000020e-01,-4.756099999999999772e-01,1.003600000000000048e-01
0.000000000000000000e+00,-8.513399999999999856e-01,-8.150100000000000400e-02,-3.113600000000000256e-01,2.752600000000000047e-01
0.000000000000000000e+00,-2.317899999999999960e-01,-1.404299999999999993e-01,-6.854900000000000437e-01,-1.733800000000000063e-01
0.000000000000000000e+00,-6.443900000000000183e-01,1.474600000000000077e-01,-4.161000000000000254e-01,-5.068000000000000282e-01
0.000000000000000000e+00,-5.937299999999999800e-01,4.027700000000000169e-01,-2.742100000000000093e-01,-3.486500000000000155e-01
0.000000000000000000e+00,-5.740399999999999947e-01,-8.287700000000000622e-02,3.968700000000000006e-01,-2.170199999999999907e-01
0.000000000000000000e+00,-5.996700000000000363e-01,1.053499999999999992e-01,-5.278000000000000053e-02,-5.613400000000000334e-02
0.000000000000000000e+00,-7.821599999999999664e-01,1.999000000000000082e-02,-2.313000000000000056e-01,-8.200599999999999556e-02
0.000000000000000000e+00,-2.840199999999999947e-01,-1.184899999999999981e-01,-1.268799999999999928e-01,-4.180800000000000072e-01
0.000000000000000000e+00,-6.702700000000000324e-01,4.724200000000000066e-01,-2.623699999999999921e-01,-1.171699999999999964e-01
0.000000000000000000e+00,-1.022499999999999964e+00,-3.208699999999999886e-01,-6.027799999999999825e-01,-1.205100000000000060e-01
0.000000000000000000e+00,-4.519400000000000084e-01,2.432499999999999940e-01,-8.894599999999999729e-02,-7.163300000000000223e-01
0.000000000000000000e+00,-4.089999999999999747e-01,-2.525399999999999867e-01,8.351699999999999402e-02,-2.566999999999999837e-01
0.000000000000000000e+00,4.786399999999999683e-02,3.005399999999999738e-01,-6.271799999999999597e-02,-4.851300000000000057e-01
0.000000000000000000e+00,-6.722700000000000342e-01,5.289700000000000513e-01,1.647099999999999953e-01,1.168600000000000055e-01
0.000000000000000000e+00,-6.875799999999999690e-01,-1.462900000000000034e-01,-4.036299999999999888e-01,1.125400000000000011e-01
0.000000000000000000e+00,-5.594099999999999628e-01,-1.593600000000000017e-01,-3.858400000000000163e-01,2.286799999999999944e-01
0.000000000000000000e+00,-2.866000000000000214e-01,-3.603800000000000059e-02,-1.556800000000000128e-01,-1.276200000000000112e-01
0.000000000000000000e+00,-3.971399999999999930e-01,4.923899999999999944e-01,-3.079200000000000270e-01,-1.950900000000000134e-01
0.000000000000000000e+00,-4.312699999999999867e-01,7.611400000000000388e-01,2.063200000000000034e-01,-5.128899999999999570e-01
0.000000000000000000e+00,-6.254600000000000160e-01,2.171500000000000097e-01,3.701900000000000329e-02,-6.857099999999999307e-02
0.000000000000000000e+00,-6.028799999999999715e-01,-2.139300000000000090e-01,4.133099999999999968e-02,-5.454699999999999827e-02
0.000000000000000000e+00,-6.742899999999999450e-01,-2.781699999999999728e-01,2.802799999999999736e-01,-2.891799999999999926e-01
0.000000000000000000e+00,-3.983200000000000074e-01,-5.296499999999999819e-02,4.069599999999999884e-01,-5.167000000000000481e-01
0.000000000000000000e+00,-6.619300000000000184e-01,-2.868299999999999739e-01,-4.199100000000000055e-01,3.601400000000000157e-01
0.000000000000000000e+00,-5.424999999999999822e-01,1.142699999999999966e-01,-7.838699999999999557e-01,9.197099999999999720e-03
0.000000000000000000e+00,-1.098200000000000065e+00,3.404200000000000004e-01,-3.924400000000000110e-02,-5.127399999999999736e-01
0.000000000000000000e+00,-8.227299999999999613e-01,-8.694100000000000439e-02,-2.278799999999999992e-01,-7.910800000000000054e-01
0.000000000000000000e+00,-7.876300000000000523e-01,-2.859099999999999975e-01,-3.624499999999999944e-01,-6.632399999999999407e-02
0.000000000000000000e+00,-3.302800000000000180e-01,-1.753000000000000114e-01,-5.169099999999999806e-01,-1.789100000000000135e-01
0.000000000000000000e+00,-6.766100000000000447e-01,3.966199999999999726e-01,-7.125299999999999967e-01,5.655600000000000210e-02
0.000000000000000000e+00,-8.015600000000000502e-01,-3.447799999999999754e-01,-3.195399999999999907e-01,-1.536399999999999988e-01
0.000000000000000000e+00,-7.254300000000000193e-01,9.557300000000000517e-02,3.208199999999999941e-01,-4.716500000000000137e-01
0.000000000000000000e+00,-4.341900000000000204e-01,4.793799999999999728e-01,1.138399999999999967e-01,2.039199999999999902e-01
0.000000000000000000e+00,-6.141100000000000447e-01,-1.312899999999999900e-01,-3.139000000000000123e-01,-3.339699999999999891e-01
0.000000000000000000e+00,-4.388699999999999823e-01,4.475000000000000089e-01,-2.349400000000000099e-01,-6.223299999999999665e-02
0.000000000000000000e+00,-8.719299999999999828e-01,-3.188699999999999868e-01,-4.501900000000000346e-02,-1.572199999999999986e-01
0.000000000000000000e+00,-6.754900000000000349e-01,1.681499999999999939e-01,6.434900000000000064e-01,-6.043100000000000138e-01
0.000000000000000000e+00,-4.945800000000000196e-01,-1.429900000000000060e-01,-1.648900000000000088e-01,-4.028100000000000014e-01
0.000000000000000000e+00,-6.921699999999999520e-01,-3.056099999999999928e-01,-4.359399999999999942e-01,-3.707199999999999940e-01
0.000000000000000000e+00,-2.326200000000000143e-02,3.211300000000000265e-01,-2.452000000000000013e-01,-4.409699999999999731e-01
0.000000000000000000e+00,-9.273400000000000531e-01,-3.770100000000000118e-01,-4.151400000000000090e-01,-1.681400000000000117e-01
0.000000000000000000e+00,-4.219100000000000072e-01,9.755999999999999395e-02,-2.730199999999999849e-01,-2.861799999999999899e-01
0.000000000000000000e+00,-5.955300000000000038e-01,2.797399999999999887e-01,-2.972199999999999842e-01,-2.419699999999999906e-01
0.000000000000000000e+00,-4.116000000000000214e-01,1.020599999999999979e-01,-2.563300000000000023e-01,5.673700000000000410e-01
0.000000000000000000e+00,-5.869400000000000311e-02,-4.507099999999999995e-02,-5.055600000000000094e-01,-2.137199999999999933e-01
0.000000000000000000e+00,-3.766999999999999793e-01,2.297299999999999898e-01,-8.533699999999999619e-02,-1.662299999999999889e-01
0.000000000000000000e+00,-4.953299999999999925e-01,1.691699999999999871e-01,-5.378700000000000148e-02,-3.051200000000000023e-01
0.000000000000000000e+00,-4.021000000000000130e-01,-1.911400000000000043e-01,-1.383799999999999961e-02,-5.933699999999999530e-01
0.000000000000000000e+00,-3.458800000000000208e-01,3.053899999999999948e-01,3.269699999999999829e-01,-1.927200000000000024e-01
0.000000000000000000e+00,-6.075599999999999890e-01,-3.916999999999999926e-01,-1.841000000000000136e-01,-3.897900000000000253e-01
0.000000000000000000e+00,-7.001800000000000246e-01,-2.084399999999999864e-01,-2.805900000000000061e-01,3.848599999999999799e-01
0.000000000000000000e+00,-4.602600000000000025e-01,3.417000000000000037e-01,9.700300000000000589e-02,-6.085500000000000353e-01
0.000000000000000000e+00,-6.542999999999999927e-01,2.992900000000000005e-01,1.172900000000000054e-01,-1.435700000000000032e-01
0.000000000000000000e+00,-1.053500000000000103e+00,4.039499999999999758e-01,-2.348800000000000054e-01,-1.105199999999999932e-01
0.000000000000000000e+00,-6.759899999999999798e-01,5.043299999999999450e-01,1.921599999999999975e-01,-7.205200000000000493e-01
0.000000000000000000e+00,-4.754499999999999837e-01,3.296000000000000041e-01,-4.714499999999999802e-01,-5.149399999999999533e-01
0.000000000000000000e+00,-5.794500000000000206e-01,7.817399999999999349e-02,-7.462499999999999689e-02,4.787100000000000244e-01
0.000000000000000000e+00,-6.505100000000000326e-01,-6.371899999999999786e-02,2.764199999999999990e-01,-1.065600000000000103e+00
0.000000000000000000e+00,-9.498199999999999976e-01,-2.784400000000000208e-01,1.379199999999999914e-03,2.973599999999999854e-02
0.000000000000000000e+00,-4.216300000000000048e-01,-4.120999999999999663e-02,-6.649599999999999955e-01,1.369100000000000039e-01
0.000000000000000000e+00,-1.036999999999999922e+00,-9.122600000000000153e-02,-2.836199999999999832e-01,-5.539699999999999624e-01
1.000000000000000000e+00,3.851499999999999924e-01,-2.534100000000000241e-01,4.717199999999999727e-01,-1.842100000000000126e-01
1.000000000000000000e+00,-1.170199999999999990e-01,-1.970699999999999952e-01,-1.918300000000000005e-01,-4.478199999999999958e-01
1.000000000000000000e+00,2.829499999999999793e-01,-4.107199999999999740e-01,-7.860900000000000526e-03,-3.782699999999999951e-01
1.000000000000000000e+00,1.790299999999999947e-01,6.487600000000000311e-02,2.844300000000000161e-01,-7.603799999999999448e-01
1.000000000000000000e+00,1.708499999999999949e-02,-3.397000000000000020e-01,1.944099999999999995e-01,-9.399899999999999922e-01
1.000000000000000000e+00,-1.470400000000000040e-01,-2.354499999999999926e-01,6.890399999999999858e-01,-2.451699999999999990e-01
1.000000000000000000e+00,6.168700000000000294e-01,-2.377799999999999914e-01,2.863700000000000134e-01,-6.018799999999999706e-01
1.000000000000000000e+00,-1.576599999999999946e-01,-4.504299999999999971e-01,-1.227199999999999958e-01,-8.294799999999999951e-01
1.000000000000000000e+00,5.424799999999999622e-01,-1.239399999999999946e-01,3.069899999999999851e-01,-3.657699999999999840e-01
1.000000000000000000e+00,-8.053599999999999648e-02,-2.534600000000000186e-01,-8.675599999999999978e-02,-4.152899999999999925e-01
1.000000000000000000e+00,-1.262800000000000034e-01,-1.890000000000000013e-01,-9.128200000000000203e-02,-4.148000000000000020e-01
1.000000000000000000e+00,2.449999999999999921e-03,-2.349600000000000022e-01,7.542699999999999405e-02,-4.885499999999999843e-01
1.000000000000000000e+00,3.964199999999999946e-01,2.289799999999999891e-01,3.933900000000000174e-01,-7.663499999999999757e-01
1.000000000000000000e+00,6.526399999999999979e-01,-7.385000000000000453e-01,7.163599999999999968e-01,-2.129300000000000082e-01
1.000000000000000000e+00,1.058000000000000052e-01,-4.277000000000000246e-01,7.219799999999999551e-01,-3.297300000000000231e-01
1.000000000000000000e+00,-2.981300000000000061e-01,-1.962800000000000100e-01,5.349000000000000421e-01,-6.586999999999999522e-01
1.000000000000000000e+00,7.973900000000000779e-03,-3.260399999999999965e-01,3.323599999999999888e-01,-1.051099999999999923e+00
1.000000000000000000e+00,3.927599999999999841e-02,-4.096000000000000335e-02,7.690099999999999714e-02,-6.616499999999999604e-01
1.000000000000000000e+00,2.074699999999999878e-01,-4.317400000000000126e-01,-3.115000000000000061e-02,-6.384199999999999875e-01
1.000000000000000000e+00,4.979499999999999899e-02,-3.230100000000000193e-01,6.826999999999999735e-01,-1.195500000000000035e-01
1.000000000000000000e+00,1.963000000000000023e-01,-6.242199999999999971e-01,7.821799999999999864e-01,5.427300000000000180e-02
1.000000000000000000e+00,2.839499999999999802e-01,-4.264100000000000112e-01,-6.420400000000000551e-01,-8.631199999999999983e-01
1.000000000000000000e+00,-1.475400000000000045e-01,-5.745299999999999851e-01,-3.081200000000000050e-01,-8.131300000000000194e-01
1.000000000000000000e+00,-8.381299999999999861e-02,-4.236800000000000010e-01,-1.803200000000000081e-01,-7.319099999999999495e-01
1.000000000000000000e+00,3.674299999999999788e-02,1.184499999999999997e-01,3.306000000000000050e-01,-5.703500000000000236e-01
1.000000000000000000e+00,1.181100000000000066e-01,-4.658000000000000335e-02,3.983700000000000019e-01,-1.077099999999999946e+00
1.000000000000000000e+00,2.633499999999999730e-01,-1.569099999999999939e-01,-8.039799999999999724e-02,-5.470000000000000417e-01
1.000000000000000000e+00,-3.125200000000000200e-01,6.417000000000000481e-02,2.215999999999999914e-02,-6.715900000000000203e-01
1.000000000000000000e+00,1.621900000000000008e-01,-5.405100000000000460e-01,-7.997399999999999995e-03,-8.223599999999999799e-01
1.000000000000000000e+00,-1.899399999999999977e-01,-3.120999999999999885e-01,4.832600000000000229e-01,-2.928899999999999837e-01
1.000000000000000000e+00,3.053699999999999748e-01,-2.924300000000000163e-02,2.553000000000000061e-02,-2.381900000000000128e-01
1.000000000000000000e+00,1.471099999999999908e-01,-6.603299999999999448e-02,-1.444999999999999930e-02,-7.307200000000000362e-01
1.000000000000000000e+00,3.840099999999999764e-02,9.155499999999999750e-02,-2.636499999999999955e-01,-6.362200000000000077e-01
1.000000000000000000e+00,1.706600000000000061e-01,-5.439800000000000191e-01,-1.615199999999999969e-02,-4.587700000000000111e-01
1.000000000000000000e+00,2.584799999999999875e-01,-1.879199999999999968e-02,4.650299999999999989e-01,-5.073699999999999877e-01
1.000000000000000000e+00,-8.485299999999999787e-02,-5.194300000000000306e-02,8.059900000000000397e-02,-1.036899999999999933e+00
1.000000000000000000e+00,1.033799999999999997e-01,1.039799999999999926e-02,2.549299999999999899e-01,-4.805300000000000127e-01
1.000000000000000000e+00,1.310700000000000059e-02,-7.037799999999999612e-01,8.779000000000000137e-01,-7.938699999999999646e-01
1.000000000000000000e+00,8.318699999999999706e-02,-3.166499999999999870e-01,4.379700000000000260e-01,-9.716000000000000192e-01
1.000000000000000000e+00,5.474500000000000199e-02,-6.182699999999999863e-01,5.637900000000000134e-01,-4.993299999999999961e-01
1.000000000000000000e+00,-3.498800000000000243e-01,-3.723400000000000321e-02,-3.958699999999999997e-01,-6.341999999999999860e-01
1.000000000000000000e+00,-5.097499999999999948e-02,-2.543399999999999828e-02,1.999199999999999866e-01,-4.984299999999999842e-01
1.000000000000000000e+00,9.181299999999999878e-03,-5.810699999999999893e-02,4.051199999999999801e-01,-2.112900000000000056e-01
1.000000000000000000e+00,1.757700000000000096e-01,-1.450700000000000045e-01,2.162600000000000078e-01,-7.818800000000000194e-01
1.000000000000000000e+00,-1.469499999999999973e-01,-1.920399999999999885e-01,-1.603300000000000003e-01,-7.283699999999999619e-01
1.000000000000000000e+00,-4.261199999999999710e-02,-3.231200000000000183e-01,5.120599999999999596e-01,-7.547399999999999665e-01
1.000000000000000000e+00,-5.422799999999999843e-02,-1.080099999999999949e-01,2.338300000000000101e-01,-6.848300000000000498e-01
1.000000000000000000e+00,-1.123799999999999938e-01,-1.477799999999999947e-01,8.487100000000000199e-02,-7.484699999999999687e-01
1.000000000000000000e+00,-7.779200000000000004e-02,4.346200000000000063e-01,1.725299999999999889e-01,-9.468499999999999694e-01
1.000000000000000000e+00,3.698500000000000121e-01,-2.540999999999999925e-01,6.177099999999999813e-01,-3.841600000000000015e-01
1.000000000000000000e+00,1.949400000000000022e-01,-7.185799999999999965e-01,3.885899999999999910e-01,-3.093799999999999883e-01
1.000000000000000000e+00,-1.096699999999999932e-02,-1.752199999999999938e-02,2.718499999999999805e-01,-2.969399999999999817e-01
1.000000000000000000e+00,-2.680199999999999944e-02,-1.486099999999999921e-01,3.014000000000000012e-01,-6.767100000000000337e-01
1.000000000000000000e+00,-5.008599999999999719e-01,-1.604899999999999938e-01,-2.747499999999999942e-02,-7.344399999999999817e-01
1.000000000000000000e+00,-1.892199999999999993e-01,-7.016200000000000214e-02,-1.647599999999999898e-01,-1.093299999999999939e+00
1.000000000000000000e+00,-2.527899999999999939e-02,-2.672800000000000176e-01,2.718499999999999805e-01,-4.590299999999999936e-01
1.000000000000000000e+00,1.610099999999999865e-01,-2.355500000000000094e-01,4.015699999999999825e-01,-3.435099999999999820e-01
1.000000000000000000e+00,-6.025599999999999706e-02,-4.591500000000000026e-01,2.144000000000000072e-01,-7.949199999999999600e-01
1.000000000000000000e+00,3.641400000000000192e-01,8.514300000000000687e-03,1.826200000000000045e-01,-6.227500000000000258e-01
1.000000000000000000e+00,3.457399999999999918e-01,1.079100000000000059e-01,5.426900000000000057e-01,-3.786900000000000266e-01
1.000000000000000000e+00,9.940100000000000324e-02,-1.548400000000000054e-01,7.316899999999999515e-01,-1.727299999999999947e-01
1.000000000000000000e+00,7.479700000000000237e-02,-7.971000000000000307e-01,3.655100000000000016e-01,-5.855399999999999494e-01
1.000000000000000000e+00,-8.765699999999999881e-02,4.169399999999999773e-01,-2.531100000000000017e-01,-7.390499999999999847e-01
1.000000000000000000e+00,2.307599999999999929e-01,-4.510100000000000220e-01,-3.445300000000000029e-01,-4.711699999999999777e-01
1.000000000000000000e+00,-1.868200000000000138e-01,-4.187400000000000011e-01,4.857000000000000206e-01,-4.728200000000000180e-01
1.000000000000000000e+00,2.479399999999999937e-01,-2.310300000000000131e-01,3.709500000000000297e-02,-7.249200000000000088e-01
1.000000000000000000e+00,2.106899999999999884e-01,-2.078099999999999947e-01,1.398300000000000098e-01,-6.657699999999999729e-01
1.000000000000000000e+00,-2.934399999999999786e-01,-4.238100000000000200e-01,-4.695099999999999829e-01,-1.069099999999999939e+00
1.000000000000000000e+00,2.055500000000000105e-01,-2.265399999999999914e-01,6.197700000000000431e-01,-3.639499999999999957e-01
1.000000000000000000e+00,6.018700000000000161e-01,4.376599999999999935e-02,4.207099999999999729e-01,-8.428400000000000336e-01
1.000000000000000000e+00,2.964800000000000213e-01,-7.766899999999999915e-01,6.042600000000000193e-01,-5.681900000000000145e-02
1.000000000000000000e+00,5.474200000000000177e-01,-2.125400000000000067e-01,-2.619400000000000062e-01,-4.098899999999999766e-01
1.000000000000000000e+00,-7.174200000000000021e-02,-7.951099999999999834e-01,6.320999999999999952e-01,-1.991400000000000114e-01
1.000000000000000000e+00,5.253400000000000292e-01,-1.861899999999999944e-01,5.122299999999999631e-01,-4.411800000000000166e-01
1.000000000000000000e+00,3.559999999999999970e-02,-4.150999999999999829e-02,6.218500000000000139e-01,-6.673900000000000388e-01
1.000000000000000000e+00,-2.808800000000000185e-01,-5.735599999999999588e-01,-2.640100000000000224e-01,-6.849399999999999933e-01
1.000000000000000000e+00,2.220499999999999974e-01,1.114799999999999958e-01,-1.499499999999999965e-02,-8.919700000000000406e-01
1.000000000000000000e+00,3.067599999999999771e-01,-6.357699999999999463e-01,4.387799999999999860e-03,-8.894300000000000539e-01
1.000000000000000000e+00,-6.794699999999999351e-02,-4.894299999999999762e-01,1.415299999999999891e-01,-8.002599999999999714e-01
1.000000000000000000e+00,1.961499999999999910e-01,-1.975200000000000011e-01,7.495100000000000096e-01,-3.257800000000000140e-01
1.000000000000000000e+00,1.826800000000000090e-01,-4.326499999999999790e-01,6.659700000000000342e-02,-1.079099999999999948e+00
1.000000000000000000e+00,-5.127500000000000113e-02,1.673199999999999965e-01,-3.569200000000000150e-01,-8.999500000000000277e-01
1.000000000000000000e+00,-1.159700000000000036e-01,-3.403999999999999804e-01,7.708500000000000352e-01,-3.652099999999999791e-01
1.000000000000000000e+00,5.686999999999999833e-01,-2.428700000000000025e-01,3.414800000000000058e-01,-4.459299999999999931e-01
1.000000000000000000e+00,1.963199999999999945e-01,-5.961699999999999777e-01,6.272699999999999942e-01,-1.043499999999999983e-01
1.000000000000000000e+00,1.104200000000000043e-01,-2.921900000000000053e-01,-8.383999999999999786e-02,-6.864799999999999791e-01
1.000000000000000000e+00,-5.474199999999999899e-02,-5.454300000000000120e-02,1.486800000000000066e-01,-8.621799999999999464e-01
1.000000000000000000e+00,-3.304599999999999760e-01,-3.391700000000000270e-01,-1.858899999999999997e-01,-4.753299999999999748e-01
1.000000000000000000e+00,-1.244100000000000067e-01,-5.372999999999999998e-01,5.468499999999999472e-01,-8.012099999999999778e-01
1.000000000000000000e+00,-1.677800000000000125e-01,-2.866600000000000259e-01,-2.512599999999999834e-01,-3.409099999999999908e-01
1.000000000000000000e+00,2.031499999999999972e-01,-2.226200000000000123e-01,3.856500000000000119e-03,-9.092300000000000382e-02
1.000000000000000000e+00,2.531300000000000217e-01,-5.562899999999999512e-01,3.301899999999999835e-01,-2.734500000000000264e-01
1.000000000000000000e+00,3.860000000000000098e-01,-6.105500000000000371e-01,3.391899999999999915e-01,-4.021700000000000275e-01
1.000000000000000000e+00,3.115899999999999781e-01,-7.976900000000000102e-01,2.334199999999999886e-01,-6.634400000000000297e-01
1.000000000000000000e+00,2.119000000000000050e-01,-3.329900000000000082e-01,2.615600000000000147e-01,-9.623099999999999987e-01
1.000000000000000000e+00,-3.985400000000000054e-01,-6.474199999999999955e-01,7.438900000000000512e-01,-7.927099999999999425e-02
1.000000000000000000e+00,5.193299999999999583e-01,-4.432699999999999974e-01,-5.015900000000000220e-02,-4.535299999999999887e-01
1.000000000000000000e+00,1.221399999999999986e-01,2.222200000000000009e-01,-5.488400000000000223e-02,-5.966799999999999882e-01
1.000000000000000000e+00,1.875900000000000067e-01,-6.015200000000000546e-01,5.488300000000000400e-01,-7.556500000000000439e-01
1.000000000000000000e+00,2.398000000000000131e-01,-3.685999999999999832e-01,3.077099999999999974e-02,-3.624600000000000044e-01
1.000000000000000000e+00,3.346899999999999875e-01,2.409000000000000030e-01,2.599299999999999944e-01,-3.832599999999999896e-01
1.000000000000000000e+00,3.106400000000000272e-01,-3.134899999999999909e-01,-1.117999999999999966e-01,-5.652000000000000357e-01
1.000000000000000000e+00,4.319999999999999951e-01,-3.798500000000000210e-01,1.066099999999999964e-01,-1.418800000000000061e-01
1.000000000000000000e+00,2.891600000000000073e-02,-5.911800000000000388e-01,6.466199999999999726e-01,-9.516499999999999959e-02
1.000000000000000000e+00,2.903299999999999770e-01,-5.134100000000000330e-01,2.445299999999999974e-01,-6.828100000000000280e-01
1.000000000000000000e+00,-2.590600000000000194e-03,-1.257600000000000107e-01,1.562900000000000122e-01,5.172299999999999814e-02
1.000000000000000000e+00,1.933100000000000096e-02,-4.318299999999999916e-01,-2.463500000000000065e-02,-1.032499999999999973e+00
1.000000000000000000e+00,-2.571499999999999897e-01,-3.660999999999999810e-01,6.335699999999999665e-01,-6.474199999999999955e-01
1.000000000000000000e+00,1.383000000000000063e-01,-2.692200000000000149e-01,2.342899999999999983e-01,-5.982800000000000340e-01
1.000000000000000000e+00,-6.422300000000000231e-02,-9.589300000000000601e-02,6.713200000000000278e-01,-4.928100000000000258e-01
1.000000000000000000e+00,-3.984900000000000109e-01,-5.039700000000000291e-01,-1.311400000000000066e-02,-2.611800000000000233e-01
1.000000000000000000e+00,-1.875499999999999945e-01,-4.819100000000000050e-01,3.705499999999999905e-01,-2.413700000000000012e-01
1.000000000000000000e+00,7.206100000000000005e-02,-2.215300000000000047e-01,2.208400000000000085e-01,-7.564400000000000013e-01
1.000000000000000000e+00,1.679200000000000137e-01,1.975699999999999939e-03,-1.493599999999999928e-01,-1.079700000000000104e+00
1.000000000000000000e+00,-3.212299999999999878e-02,-6.975900000000000434e-01,5.933399999999999785e-01,-3.206800000000000206e-01
1.000000000000000000e+00,4.270599999999999952e-01,7.706000000000000176e-03,2.066099999999999881e-01,-5.861199999999999743e-01
1.000000000000000000e+00,2.600100000000000189e-01,-6.760000000000000453e-01,-1.234999999999999987e-02,-9.173200000000000243e-01
1.000000000000000000e+00,-7.880500000000000352e-03,-5.253400000000000292e-01,7.649099999999999788e-01,-1.346700000000000119e-01
1.000000000000000000e+00,2.360399999999999998e-01,-2.153799999999999881e-01,-5.200799999999999867e-02,-5.504299999999999748e-01
1.000000000000000000e+00,3.174699999999999744e-01,1.261299999999999921e-02,5.010400000000000409e-01,-5.942399999999999904e-01
1.000000000000000000e+00,5.841100000000000181e-01,-5.558500000000000246e-02,4.899399999999999866e-01,-6.239599999999999591e-01
1.000000000000000000e+00,1.046399999999999934e-02,-2.091200000000000003e-01,-3.017599999999999727e-01,-9.849299999999999722e-01
1.000000000000000000e+00,-1.621700000000000086e-01,-3.207900000000000196e-01,4.159499999999999864e-01,-1.211399999999999977e-01
1.000000000000000000e+00,5.666200000000000125e-01,6.316699999999999746e-03,-9.271299999999999680e-03,-6.172499999999999654e-01
1.000000000000000000e+00,-1.459699999999999886e-01,-3.111099999999999977e-01,1.179100000000000009e-01,-4.606899999999999884e-01
1.000000000000000000e+00,-4.212600000000000233e-01,-3.065700000000000092e-01,6.603799999999999670e-01,-5.329000000000000403e-01
1.000000000000000000e+00,6.412700000000000344e-02,-4.559799999999999964e-01,1.479800000000000004e-01,-6.306300000000000239e-01
1.000000000000000000e+00,1.057099999999999984e-01,4.681500000000000244e-02,1.367599999999999927e-01,-3.101499999999999813e-01
1.000000000000000000e+00,2.004900000000000015e-01,-2.735000000000000209e-01,7.998700000000000254e-02,-8.081700000000000550e-01
1.000000000000000000e+00,1.451399999999999912e-01,1.378000000000000058e-01,-8.290899999999999919e-04,-3.645999999999999797e-01
1.000000000000000000e+00,2.096900000000000153e-02,-2.607599999999999918e-01,6.928400000000000114e-01,-2.231899999999999995e-01
1.000000000000000000e+00,-8.508499999999999397e-02,-2.563500000000000223e-01,2.970999999999999752e-01,-7.788199999999999568e-01
1.000000000000000000e+00,2.221200000000000119e-01,-5.959799999999999542e-01,1.556299999999999906e-01,-8.218100000000000405e-01
1.000000000000000000e+00,1.660300000000000109e-01,-4.860499999999999821e-01,5.845700000000000340e-01,-5.602300000000000058e-01
1.000000000000000000e+00,7.579500000000000126e-02,4.461799999999999794e-02,4.238100000000000200e-01,-5.439300000000000246e-01
1.000000000000000000e+00,3.325399999999999884e-02,-6.843599999999999683e-01,3.005800000000000138e-01,-2.932000000000000162e-01
1.000000000000000000e+00,3.854500000000000287e-02,3.247399999999999731e-01,5.527499999999999636e-01,-2.192999999999999949e-01
1.000000000000000000e+00,3.756200000000000094e-01,-2.472100000000000131e-01,-1.909500000000000086e-01,-5.807999999999999829e-01
1.000000000000000000e+00,-2.419199999999999962e-01,-7.210600000000000342e-01,2.096000000000000085e-01,-3.628700000000000259e-01
1.000000000000000000e+00,-2.866299999999999959e-01,-5.093199999999999950e-01,6.893500000000000183e-01,-4.816400000000000126e-01
1.000000000000000000e+00,5.198500000000000343e-01,-4.087200000000000277e-01,5.594000000000000083e-01,6.055399999999999672e-02
1.000000000000000000e+00,5.182799999999999907e-02,7.031700000000000450e-02,4.962400000000000144e-01,-4.420200000000000240e-01
1.000000000000000000e+00,2.211599999999999955e-01,-2.867700000000000249e-01,2.433299999999999907e-01,-5.279899999999999594e-01
1.000000000000000000e+00,-2.198699999999999960e-02,-3.741300000000000181e-01,-7.511700000000000321e-02,-1.101799999999999891e+00
1.000000000000000000e+00,3.639000000000000012e-01,-2.547400000000000220e-01,6.278200000000000447e-01,-7.447399999999999576e-01
1.000000000000000000e+00,-9.557400000000000617e-02,-5.123900000000000121e-01,-2.040899999999999936e-01,-8.412300000000000333e-01
1.000000000000000000e+00,-1.189400000000000041e-01,-2.936099999999999821e-01,9.383799999999999919e-01,-5.475799999999999557e-01
1.000000000000000000e+00,2.426699999999999968e-01,-1.887300000000000089e-01,1.649700000000000055e-01,-6.342900000000000205e-01
1.000000000000000000e+00,4.090900000000000092e-01,-5.843699999999999450e-01,6.455999999999999517e-01,3.355899999999999855e-02
1.000000000000000000e+00,3.968099999999999961e-01,-3.923499999999999766e-01,-1.217000000000000026e-01,-1.878299999999999970e-01
1.000000000000000000e+00,3.262800000000000145e-01,-4.359299999999999981e-02,3.141499999999999848e-01,-5.056200000000000278e-02
1.000000000000000000e+00,1.631100000000000050e-01,-1.688500000000000001e-01,3.964900000000000091e-01,-3.721999999999999753e-01
1.000000000000000000e+00,-2.211499999999999924e-02,2.288000000000000034e-01,-3.091400000000000259e-01,-6.662099999999999689e-01
1.000000000000000000e+00,4.819300000000000250e-01,-4.256800000000000028e-01,1.896599999999999953e-01,-7.660400000000000542e-01
1.000000000000000000e+00,6.808600000000000207e-01,-3.844799999999999884e-01,2.116599999999999870e-01,-3.306000000000000050e-01
1.000000000000000000e+00,-4.218399999999999928e-01,-3.167200000000000015e-01,2.724400000000000155e-01,-5.901699999999999724e-01
1.000000000000000000e+00,3.943199999999999787e-04,-1.405999999999999958e-02,1.194399999999999976e-02,-4.878199999999999759e-01
1.000000000000000000e+00,1.161100000000000049e-01,-1.649299999999999933e-01,-4.397100000000000314e-02,-5.148500000000000298e-01
1.000000000000000000e+00,-3.217599999999999905e-01,-1.811699999999999977e-01,3.836399999999999810e-01,-4.062200000000000255e-01
1.000000000000000000e+00,1.570000000000000007e-01,-2.066499999999999934e-02,4.825800000000000090e-01,-1.532600000000000073e-01
1.000000000000000000e+00,-2.149099999999999899e-01,-6.937999999999999723e-01,5.788499999999999895e-02,-5.283700000000000063e-01
1.000000000000000000e+00,1.634700000000000042e-02,2.074900000000000078e-01,7.968300000000000383e-02,-8.768299999999999983e-01
1.000000000000000000e+00,-1.856700000000000017e-01,2.929499999999999882e-01,-1.848799999999999888e-01,-5.249200000000000532e-01
1.000000000000000000e+00,-1.801500000000000046e-01,5.539899999999999686e-02,5.367199999999999749e-01,-4.664499999999999758e-01
1.000000000000000000e+00,4.136699999999999822e-01,-3.099600000000000133e-01,-7.611800000000000510e-02,-3.492500000000000049e-01
1.000000000000000000e+00,4.693599999999999994e-01,-1.452299999999999980e-01,3.045800000000000174e-01,-5.093699999999999894e-01
1.000000000000000000e+00,-3.527699999999999725e-01,-3.668799999999999839e-01,4.164399999999999769e-01,-3.910799999999999832e-01
1.000000000000000000e+00,-4.002900000000000208e-02,-3.541699999999999848e-01,5.152400000000000313e-01,-1.550199999999999911e-01
1.000000000000000000e+00,-1.056700000000000000e-01,-3.005200000000000093e-01,-8.694000000000000339e-02,-8.713300000000000489e-01
1.000000000000000000e+00,-4.256900000000000094e-03,-3.796499999999999875e-01,5.486699999999999910e-01,6.785399999999999765e-02
2.000000000000000000e+00,-4.447300000000000142e-01,-5.319300000000000139e-01,-6.554000000000000103e-02,5.326899999999999968e-01
2.000000000000000000e+00,-2.227000000000000091e-01,-5.018799999999999928e-01,1.420200000000000073e-01,-1.519999999999999997e-02
2.000000000000000000e+00,5.849100000000000132e-02,-9.098800000000000221e-01,5.570599999999999996e-01,-2.149500000000000022e-01
2.000000000000000000e+00,-3.261200000000000210e-01,-3.005800000000000138e-01,1.237499999999999989e-01,2.300899999999999890e-01
2.000000000000000000e+00,-1.933400000000000118e-01,-4.457400000000000251e-01,1.650699999999999945e-01,6.521299999999999875e-01
2.000000000000000000e+00,-5.229399999999999604e-01,-4.148600000000000065e-01,1.785299999999999943e-01,4.570500000000000118e-01
2.000000000000000000e+00,-8.248499999999999721e-01,-3.778400000000000092e-01,5.939600000000000435e-01,7.898300000000000320e-01
2.000000000000000000e+00,-2.508400000000000074e-01,-5.079900000000000526e-01,-2.089600000000000138e-02,1.492700000000000138e-01
2.000000000000000000e+00,-2.185699999999999865e-01,-8.181500000000000439e-01,3.621699999999999919e-01,7.311499999999999666e-01
2.000000000000000000e+00,-5.407999999999999474e-01,-2.231899999999999995e-01,-2.821000000000000174e-01,1.676199999999999912e-01
2.000000000000000000e+00,-8.343599999999999905e-01,-9.721800000000000441e-01,-4.075000000000000150e-02,5.188599999999999879e-01
2.000000000000000000e+00,3.419400000000000217e-01,-9.785700000000000509e-01,1.883999999999999911e-02,1.405000000000000138e-01
2.000000000000000000e+00,-3.155899999999999817e-01,-2.221299999999999941e-01,2.470499999999999918e-01,4.576500000000000012e-01
2.000000000000000000e+00,-7.004500000000000171e-01,-8.872200000000000086e-01,3.490599999999999814e-01,6.863000000000000211e-01
2.000000000000000000e+00,-4.135199999999999987e-01,-5.948799999999999644e-01,-2.793999999999999817e-01,-1.290000000000000036e-01
2.000000000000000000e+00,-5.103299999999999503e-01,-4.804499999999999882e-01,4.875399999999999734e-01,2.514100000000000223e-01
2.000000000000000000e+00,1.113800000000000068e-01,-3.833099999999999841e-01,-2.382299999999999973e-01,4.848199999999999732e-01
2.000000000000000000e+00,-4.892599999999999727e-01,-8.634699999999999320e-02,2.487699999999999911e-01,5.510300000000000198e-01
2.000000000000000000e+00,-3.194500000000000117e-02,-5.313099999999999490e-01,1.958600000000000063e-01,7.354800000000000226e-01
2.000000000000000000e+00,3.423499999999999877e-01,-4.337699999999999889e-01,2.491400000000000003e-01,2.131200000000000039e-01
2.000000000000000000e+00,-3.076999999999999735e-01,-4.978500000000000147e-01,-4.679400000000000226e-01,6.077299999999999924e-01
2.000000000000000000e+00,-6.898800000000000487e-01,-7.140399999999999525e-02,1.960999999999999896e-02,-8.971800000000000608e-02
2.000000000000000000e+00,-1.694900000000000018e-01,-8.435899999999999510e-01,4.153399999999999800e-03,5.284799999999999914e-02
2.000000000000000000e+00,-4.483599999999999808e-01,-6.239599999999999591e-01,9.680700000000000416e-02,1.025599999999999949e-02
2.000000000000000000e+00,-4.582100000000000062e-01,-6.510799999999999921e-01,3.371600000000000152e-01,-1.759100000000000108e-01
2.000000000000000000e+00,1.144899999999999946e-01,-9.281300000000000106e-01,-1.378199999999999981e-01,-9.868799999999999795e-02
2.000000000000000000e+00,-6.105900000000000216e-02,-8.088899999999999979e-01,-3.041099999999999914e-01,2.897500000000000075e-02
2.000000000000000000e+00,-3.416899999999999937e-01,-2.721700000000000230e-01,-8.692800000000000527e-02,4.648999999999999799e-01
2.000000000000000000e+00,9.340299999999999991e-02,-7.537700000000000511e-01,1.432900000000000007e-01,1.808899999999999952e-01
2.000000000000000000e+00,-8.268499999999999739e-01,-5.193200000000000038e-01,7.093599999999999905e-02,2.815300000000000025e-01
2.000000000000000000e+00,-1.064799999999999969e+00,-2.630199999999999760e-01,-8.953899999999999360e-02,3.243099999999999872e-01
2.000000000000000000e+00,8.451000000000000179e-02,-4.422599999999999865e-01,3.184600000000000208e-01,2.917500000000000093e-01
2.000000000000000000e+00,-5.456299999999999484e-01,-1.819399999999999906e-01,2.047699999999999868e-02,4.613900000000000223e-01
2.000000000000000000e+00,-4.696400000000000019e-01,-5.767799999999999594e-01,1.917999999999999983e-01,-2.009799999999999955e-03
2.000000000000000000e+00,-1.899299999999999877e-01,-7.058999999999999719e-01,2.006600000000000050e-01,3.745999999999999885e-01
2.000000000000000000e+00,-3.198699999999999877e-01,-2.813800000000000190e-01,2.477499999999999980e-01,-1.593999999999999861e-01
2.000000000000000000e+00,-4.064400000000000235e-01,-4.739800000000000124e-01,-6.801999999999999713e-02,3.051300000000000123e-01
2.000000000000000000e+00,-1.436600000000000099e-01,-5.673799999999999955e-01,2.255100000000000160e-02,1.828700000000000048e-01
2.000000000000000000e+00,-2.268000000000000016e-01,-1.157099999999999934e-01,1.017799999999999955e-01,3.669200000000000239e-01
2.000000000000000000e+00,-4.839399999999999813e-01,-4.598099999999999965e-01,3.003899999999999904e-01,4.506399999999999850e-01
2.000000000000000000e+00,-6.569199999999999484e-01,-9.164900000000000269e-01,-1.100700000000000012e-01,3.231899999999999773e-01
2.000000000000000000e+00,2.366099999999999870e-01,-5.771399999999999864e-01,1.323100000000000109e-01,6.924000000000000155e-01
2.000000000000000000e+00,2.198900000000000021e-01,-7.633400000000000185e-01,2.974800000000000222e-01,1.503099999999999992e-01
2.000000000000000000e+00,-2.070200000000000096e-01,-3.557000000000000162e-01,3.398200000000000109e-01,3.513399999999999856e-01
2.000000000000000000e+00,-4.451200000000000156e-01,-2.747200000000000197e-01,-5.324600000000000166e-02,1.800700000000000078e-01
2.000000000000000000e+00,1.288799999999999946e-01,-5.929699999999999971e-01,-2.710600000000000231e-01,6.651899999999999480e-01
2.000000000000000000e+00,6.354100000000000026e-02,-8.111099999999999977e-01,3.570799999999999669e-02,-2.652200000000000113e-01
2.000000000000000000e+00,9.390099999999999836e-02,-8.135200000000000209e-01,-1.474800000000000000e-01,6.090200000000000058e-01
2.000000000000000000e+00,1.716199999999999948e-01,-4.143600000000000061e-01,3.668899999999999939e-01,4.144399999999999751e-01
2.000000000000000000e+00,-5.797700000000000076e-01,-3.542399999999999993e-01,8.962399999999999534e-02,4.363900000000000001e-01
2.000000000000000000e+00,2.131399999999999961e-02,-5.901699999999999724e-01,-4.757499999999999923e-02,2.071500000000000077e-02
2.000000000000000000e+00,5.650300000000000322e-01,-1.073900000000000077e+00,-1.588199999999999890e-01,3.950299999999999923e-01
2.000000000000000000e+00,-6.811599999999999877e-01,-4.313199999999999812e-01,3.298599999999999866e-01,1.206200000000000050e-01
2.000000000000000000e+00,-1.769000000000000017e-01,-4.741400000000000059e-01,8.230400000000000216e-02,4.806400000000000117e-01
2.000000000000000000e+00,-1.524399999999999922e-01,-8.680700000000000083e-01,2.538400000000000101e-01,8.203399999999999581e-01
2.000000000000000000e+00,-1.336799999999999933e-01,-9.388100000000000334e-01,3.438399999999999790e-01,5.742000000000000437e-01
2.000000000000000000e+00,-4.276200000000000001e-01,2.343999999999999903e-02,3.299599999999999755e-01,4.420999999999999930e-01
2.000000000000000000e+00,-3.070200000000000151e-01,-7.907999999999999474e-01,3.730399999999999827e-01,3.418100000000000027e-01
2.000000000000000000e+00,-5.889600000000000390e-01,-8.086900000000000199e-01,-2.403599999999999903e-01,-3.819499999999999978e-02
2.000000000000000000e+00,1.466899999999999871e-01,-8.475899999999999546e-01,-4.843399999999999928e-01,6.975499999999999756e-02
2.000000000000000000e+00,-1.729999999999999871e-01,-4.289299999999999780e-01,1.055299999999999988e-01,1.460500000000000131e-01
2.000000000000000000e+00,-4.304600000000000093e-01,-1.843700000000000061e-01,-1.470899999999999985e-01,5.361900000000000555e-01
2.000000000000000000e+00,-6.146000000000000352e-01,-5.590600000000000014e-01,3.021400000000000197e-01,6.971600000000000019e-01
2.000000000000000000e+00,-2.014400000000000079e-01,-8.742199999999999971e-01,-1.827100000000000113e-01,-1.323499999999999954e-01
2.000000000000000000e+00,-2.300699999999999967e-01,-5.230399999999999494e-01,2.084900000000000087e-01,-1.456099999999999894e-01
2.000000000000000000e+00,-1.907099999999999906e-01,-2.170999999999999874e-01,4.791500000000000203e-01,5.118700000000000472e-01
2.000000000000000000e+00,1.240900000000000059e-01,-4.991900000000000226e-01,4.289599999999999663e-02,3.557100000000000262e-01
2.000000000000000000e+00,9.857000000000000484e-02,-6.802899999999999503e-01,-7.942699999999999760e-02,3.173699999999999855e-01
2.000000000000000000e+00,-6.882499999999999729e-02,-7.546199999999999575e-01,-2.618599999999999817e-01,1.406399999999999872e-01
2.000000000000000000e+00,-1.796999999999999986e-01,-3.914699999999999847e-01,5.769199999999999884e-01,5.040900000000000380e-01
2.000000000000000000e+00,1.011500000000000038e-01,-3.870999999999999996e-01,7.791299999999999615e-02,1.336600000000000010e-01
2.000000000000000000e+00,2.942299999999999915e-01,-8.741700000000000026e-01,-2.106399999999999939e-01,-4.436699999999999672e-02
2.000000000000000000e+00,-7.502100000000000435e-01,-6.207399999999999585e-01,3.626300000000000079e-01,2.781100000000000239e-01
2.000000000000000000e+00,-2.147699999999999887e-01,-7.066500000000000559e-02,1.080399999999999971e-01,4.142299999999999871e-01
2.000000000000000000e+00,-5.163900000000000157e-01,-6.764200000000000212e-01,3.438899999999999735e-01,4.134499999999999842e-01
2.000000000000000000e+00,-1.287800000000000056e-01,-3.187300000000000133e-01,3.602400000000000047e-02,6.853399999999999492e-01
2.000000000000000000e+00,-1.367400000000000004e-01,-7.921799999999999953e-01,6.625000000000000333e-02,1.188400000000000006e-05
2.000000000000000000e+00,-1.454199999999999937e-01,-2.283999999999999919e-01,-1.466099999999999903e-01,4.910999999999999810e-01
2.000000000000000000e+00,7.901199999999999890e-02,-8.184399999999999453e-01,4.920900000000000274e-01,-1.298999999999999877e-01
2.000000000000000000e+00,2.710600000000000162e-02,-3.933900000000000174e-01,2.541999999999999815e-01,3.237900000000000222e-01
2.000000000000000000e+00,4.100800000000000278e-02,-9.479499999999999593e-01,2.361100000000000004e-02,5.906600000000000045e-02
2.000000000000000000e+00,-7.443299999999999916e-02,-6.400099999999999678e-01,4.797899999999999943e-01,-1.372200000000000086e-01
2.000000000000000000e+00,-2.204500000000000071e-01,-4.044699999999999962e-01,-2.302599999999999925e-01,5.198799999999999949e-02
2.000000000000000000e+00,8.224399999999999766e-02,-7.634800000000000475e-01,-4.861700000000000049e-02,6.543700000000000072e-01
2.000000000000000000e+00,4.222199999999999842e-01,-4.816400000000000126e-01,-1.170800000000000035e-01,1.497999999999999887e-01
2.000000000000000000e+00,-4.904000000000000026e-01,-5.331000000000000183e-01,1.954599999999999949e-01,4.255900000000000238e-01
2.000000000000000000e+00,4.632100000000000106e-01,-6.386699999999999600e-01,3.576699999999999879e-01,7.199600000000000444e-02
2.000000000000000000e+00,-7.208299999999999708e-01,-8.596399999999999875e-02,2.253600000000000048e-02,5.067000000000000393e-01
2.000000000000000000e+00,2.786199999999999788e-01,-3.746200000000000085e-01,-4.865099999999999980e-02,5.073600000000000332e-01
2.000000000000000000e+00,-6.176300000000000123e-01,-1.335300000000000098e-01,2.219800000000000106e-01,3.048699999999999743e-01
2.000000000000000000e+00,-9.023899999999999977e-02,-3.438899999999999735e-01,-3.091300000000000159e-01,-4.604099999999999859e-02
2.000000000000000000e+00,-1.902200000000000002e-01,-5.981499999999999595e-01,3.668099999999999833e-02,3.568799999999999750e-01
2.000000000000000000e+00,-6.575699999999999878e-01,-6.959199999999999831e-01,3.454200000000000048e-01,3.996799999999999797e-01
2.000000000000000000e+00,-3.412100000000000133e-01,-9.101399999999999491e-01,-9.354800000000000615e-02,2.792000000000000037e-01
2.000000000000000000e+00,-3.028899999999999995e-02,-4.712600000000000122e-01,1.193400000000000016e-01,-2.475400000000000100e-01
2.000000000000000000e+00,8.263900000000000412e-02,-5.941100000000000270e-01,2.657399999999999762e-01,1.247499999999999998e-01
2.000000000000000000e+00,-2.629000000000000226e-01,-6.329799999999999871e-01,1.053700000000000053e-01,4.084900000000000198e-01
2.000000000000000000e+00,8.236100000000000365e-02,-3.936700000000000199e-01,2.895099999999999896e-01,3.315500000000000114e-01
2.000000000000000000e+00,-7.879700000000000593e-02,-7.974799999999999667e-01,3.891399999999999720e-02,1.404700000000000115e-01
2.000000000000000000e+00,1.212899999999999950e-01,-5.888400000000000301e-01,-7.178300000000000305e-03,1.555300000000000016e-01
2.000000000000000000e+00,-2.018500000000000016e-01,-8.544199999999999573e-01,1.931100000000000039e-01,-1.741399999999999892e-01
2.000000000000000000e+00,-7.718700000000000561e-02,-7.511600000000000499e-01,2.948299999999999810e-01,3.986700000000000244e-01
2.000000000000000000e+00,-6.565699999999999870e-01,-3.636400000000000188e-01,3.345899999999999985e-01,2.245499999999999996e-01
2.000000000000000000e+00,1.589000000000000135e-01,-8.874300000000000521e-01,1.527900000000000091e-01,5.112299999999999622e-01
2.000000000000000000e+00,-3.558100000000000152e-01,-1.131599999999999967e-01,3.319300000000000028e-01,4.019800000000000040e-01
2.000000000000000000e+00,-2.606399999999999828e-01,-5.169899999999999496e-01,-4.003099999999999714e-02,-1.010999999999999920e-02
2.000000000000000000e+00,-4.687500000000000000e-01,-4.288199999999999790e-01,-7.091500000000000581e-02,-7.338400000000000131e-03
2.000000000000000000e+00,1.426699999999999913e-01,-9.057500000000000551e-01,-8.495500000000000274e-02,4.629199999999999982e-01
2.000000000000000000e+00,-6.055800000000000072e-01,6.326199999999999879e-02,1.243900000000000006e-01,4.535199999999999787e-01
2.000000000000000000e+00,-6.511099999999999666e-01,-3.943499999999999783e-01,-1.780799999999999883e-01,4.677100000000000146e-01
2.000000000000000000e+00,-5.745200000000000307e-01,-6.233499999999999597e-01,2.504500000000000060e-01,3.711599999999999899e-01
2.000000000000000000e+00,-5.888200000000000101e-01,-1.535900000000000043e-01,1.273900000000000032e-01,-1.044899999999999995e-01
2.000000000000000000e+00,-7.864999999999999769e-02,-6.519099999999999895e-01,-9.091100000000000569e-02,2.942100000000000271e-01
2.000000000000000000e+00,-1.480299999999999949e-01,-4.683599999999999985e-01,7.762199999999999656e-02,3.264500000000000179e-01
2.000000000000000000e+00,-3.601099999999999857e-01,2.570000000000000062e-01,-1.028600000000000000e-02,5.100099999999999634e-01
3.000000000000000000e+00,2.884300000000000197e-01,-6.434600000000000319e-01,-6.389899999999999469e-01,1.272099999999999898e-01
3.000000000000000000e+00,1.322000000000000119e-01,-7.508700000000000374e-01,-5.960499999999999687e-01,7.660100000000000242e-02
3.000000000000000000e+00,7.036299999999999499e-02,-4.870599999999999929e-01,-4.311200000000000032e-01,-3.331899999999999862e-01
3.000000000000000000e+00,-1.536500000000000088e-01,-5.908200000000000118e-01,-4.242000000000000215e-01,-3.399499999999999744e-01
3.000000000000000000e+00,6.434400000000000119e-01,-3.254199999999999871e-01,-6.010600000000000387e-01,4.497599999999999931e-01
3.000000000000000000e+00,3.080300000000000260e-01,-2.396399999999999919e-01,-7.997499999999999609e-01,2.495999999999999885e-01
3.000000000000000000e+00,-3.624499999999999944e-02,-5.373900000000000343e-01,-3.584700000000000109e-01,1.046600000000000030e-01
3.000000000000000000e+00,3.156300000000000217e-01,-1.085699999999999998e-01,-5.640300000000000313e-01,2.306199999999999917e-01
3.000000000000000000e+00,1.891599999999999948e-01,-2.727700000000000125e-01,-5.251299999999999857e-01,-3.901399999999999868e-01
3.000000000000000000e+00,8.503399999999999848e-01,4.043700000000000072e-02,-6.886400000000000299e-01,-2.331100000000000116e-01
3.000000000000000000e+00,3.623500000000000054e-01,-3.364800000000000013e-01,-2.249500000000000111e-01,-2.500399999999999845e-01
3.000000000000000000e+00,2.592099999999999960e-01,4.963799999999999879e-01,-5.923399999999999777e-01,2.155299999999999994e-01
3.000000000000000000e+00,3.298600000000000143e-02,-2.503600000000000270e-01,-5.836500000000000021e-01,5.562499999999999736e-03
3.000000000000000000e+00,3.078400000000000025e-01,5.600199999999999623e-01,-1.010399999999999965e+00,1.859800000000000064e-01
3.000000000000000000e+00,3.817499999999999782e-01,-2.801299999999999901e-01,-9.029099999999999904e-01,1.370700000000000043e-02
3.000000000000000000e+00,3.796499999999999875e-01,-3.808599999999999763e-01,-3.729500000000000037e-01,-2.080400000000000027e-01
3.000000000000000000e+00,-8.319899999999999518e-02,-3.044600000000000084e-01,-1.161599999999999966e+00,9.173000000000000598e-02
3.000000000000000000e+00,1.504399999999999904e-01,-5.638900000000000023e-01,-5.455799999999999539e-01,7.017100000000000073e-03
3.000000000000000000e+00,9.750399999999999345e-02,-2.412300000000000000e-01,-2.010699999999999987e-01,-2.091000000000000081e-01
3.000000000000000000e+00,6.341499999999999915e-02,-3.790600000000000080e-01,-2.427999999999999881e-01,-2.882600000000000162e-01
3.000000000000000000e+00,5.813199999999999479e-01,-9.730999999999999373e-02,-4.059100000000000208e-02,-2.203299999999999981e-01
3.000000000000000000e+00,1.310099999999999876e-01,9.435000000000000331e-02,-9.752499999999999503e-01,3.044499999999999984e-02
3.000000000000000000e+00,5.421799999999999953e-01,-3.726999999999999758e-01,-5.694799999999999862e-01,-1.968000000000000027e-01
3.000000000000000000e+00,-1.874699999999999978e-01,-2.703900000000000192e-01,-2.207500000000000018e-01,-5.898200000000000109e-01
3.000000000000000000e+00,3.661699999999999955e-01,3.702500000000000235e-01,-7.142800000000000260e-01,-3.076900000000000121e-02
3.000000000000000000e+00,-1.120499999999999968e-01,-4.803099999999999731e-02,-8.520100000000000451e-01,-4.028399999999999759e-01
3.000000000000000000e+00,-3.658500000000000085e-01,-4.088100000000000067e-01,-5.716999999999999860e-01,2.507199999999999984e-01
3.000000000000000000e+00,4.538499999999999757e-01,3.600999999999999757e-01,-4.446300000000000252e-01,-2.684900000000000064e-01
3.000000000000000000e+00,6.540000000000000258e-01,4.812000000000000305e-03,-3.609399999999999831e-01,-1.641600000000000004e-02
3.000000000000000000e+00,1.471699999999999953e-01,-9.254600000000000326e-02,-5.971899999999999986e-01,-1.402700000000000058e-01
3.000000000000000000e+00,-2.974300000000000277e-01,-5.133199999999999985e-01,-9.200599999999999890e-01,-7.300700000000000245e-02
3.000000000000000000e+00,2.644599999999999729e-01,-4.494400000000000062e-01,-1.865799999999999959e-01,-2.417799999999999949e-01
3.000000000000000000e+00,3.731400000000000272e-01,-3.558899999999999841e-01,-4.143800000000000261e-01,1.882600000000000107e-01
3.000000000000000000e+00,1.883700000000000097e-01,-6.664799999999999613e-01,-6.581099999999999728e-01,-3.687799999999999967e-01
3.000000000000000000e+00,-4.735900000000000110e-01,-6.934799999999999853e-01,-1.734600000000000031e-01,-1.392400000000000027e-01
3.000000000000000000e+00,6.230799999999999672e-01,-1.344899999999999984e-01,-5.816500000000000004e-01,-6.043599999999999667e-02
3.000000000000000000e+00,2.092100000000000071e-01,1.031499999999999952e-02,-3.081699999999999995e-01,3.582799999999999874e-02
3.000000000000000000e+00,3.027900000000000036e-01,-2.625100000000000211e-01,-9.001900000000000457e-01,-2.728599999999999914e-01
3.000000000000000000e+00,-3.870300000000000129e-02,-3.741200000000000081e-01,-6.531299999999999883e-01,1.795100000000000168e-02
3.000000000000000000e+00,4.853199999999999736e-01,-4.139800000000000146e-01,-3.095999999999999863e-01,1.196300000000000002e-01
3.000000000000000000e+00,1.337899999999999923e-01,-1.348699999999999899e-01,-2.542099999999999915e-01,-5.657600000000000129e-02
3.000000000000000000e+00,9.242899999999999727e-02,-7.410799999999999332e-02,-7.667100000000000026e-01,-1.498200000000000087e-01
3.000000000000000000e+00,4.368199999999999861e-01,-2.893599999999999992e-02,-4.742000000000000104e-01,-3.217800000000000105e-01
3.000000000000000000e+00,1.478800000000000114e-01,-3.849899999999999989e-01,-3.116999999999999771e-01,1.444699999999999873e-01
3.000000000000000000e+00,1.526299999999999879e-01,-1.289899999999999936e-01,1.779499999999999971e-01,-7.519199999999999495e-02
3.000000000000000000e+00,3.707799999999999985e-01,-6.063499999999999446e-01,-5.735999999999999988e-01,1.039100000000000024e-01
3.000000000000000000e+00,-2.056399999999999895e-01,-1.122599999999999987e-01,-3.946899999999999853e-01,-3.257300000000000195e-01
3.000000000000000000e+00,1.947000000000000119e-01,-4.979199999999999737e-01,-9.427900000000000169e-01,-5.436900000000000066e-02
3.000000000000000000e+00,-2.476500000000000090e-01,-6.717199999999999838e-01,-1.130099999999999993e-01,-6.207700000000000440e-01
3.000000000000000000e+00,5.457399999999999751e-02,-1.523400000000000032e-01,-7.151499999999999524e-01,-4.409199999999999786e-01
3.000000000000000000e+00,7.972300000000000220e-02,-3.175100000000000144e-01,-5.371299999999999963e-01,4.372899999999999704e-02
3.000000000000000000e+00,-2.022299999999999931e-01,-6.821500000000000341e-01,-3.709100000000000175e-01,-4.833200000000000274e-01
3.000000000000000000e+00,4.977699999999999902e-01,-4.883399999999999963e-01,-3.119600000000000151e-01,-2.789699999999999958e-01
3.000000000000000000e+00,5.432799999999999851e-01,-3.291799999999999726e-01,-7.809899999999999620e-01,4.366700000000000026e-01
3.000000000000000000e+00,7.239600000000000479e-01,-1.308199999999999918e-01,-4.622200000000000197e-01,1.293700000000000128e-01
3.000000000000000000e+00,2.790699999999999847e-01,-2.130699999999999955e-02,-2.087199999999999889e-01,-2.511499999999999844e-01
3.000000000000000000e+00,-5.751199999999999646e-01,-4.689699999999999980e-01,-2.965700000000000003e-01,-6.719699999999999562e-01
3.000000000000000000e+00,-3.606199999999999961e-01,-5.801600000000000090e-01,-3.552000000000000157e-01,-2.488200000000000134e-01
3.000000000000000000e+00,2.313199999999999978e-01,-3.685899999999999732e-01,-9.013600000000000501e-01,-9.114899999999999392e-02
3.000000000000000000e+00,7.552599999999999592e-02,-6.439099999999999824e-01,-4.128999999999999893e-01,-3.732200000000000101e-02
3.000000000000000000e+00,-1.074699999999999961e-01,-3.698100000000000276e-01,-5.783800000000000052e-01,-3.018299999999999872e-01
3.000000000000000000e+00,4.812699999999999756e-01,4.010500000000000176e-02,-9.319800000000000306e-01,7.961999999999999633e-02
3.000000000000000000e+00,3.545699999999999963e-01,9.639800000000000452e-03,-3.159399999999999986e-01,-4.023399999999999754e-01
3.000000000000000000e+00,-5.337800000000000183e-02,-3.849000000000000338e-02,-3.008399999999999963e-01,2.631700000000000150e-01
3.000000000000000000e+00,5.832500000000000462e-01,1.461999999999999966e-01,-9.419499999999999540e-01,-1.573199999999999876e-01
3.000000000000000000e+00,6.106800000000000006e-01,-1.156699999999999950e-01,-8.203700000000000436e-01,1.324400000000000022e-01
3.000000000000000000e+00,5.507199999999999873e-01,-9.095399999999999319e-02,-7.508700000000000374e-01,-2.709599999999999786e-01
3.000000000000000000e+00,2.375400000000000081e-02,-2.378200000000000036e-01,-9.658999999999999808e-01,-1.928199999999999914e-01
3.000000000000000000e+00,-8.664800000000000280e-02,-9.325700000000000101e-01,-5.860600000000000254e-01,-5.995399999999999618e-01
3.000000000000000000e+00,-1.189000000000000057e-01,-4.960600000000000009e-01,-1.079100000000000059e-01,-6.856799999999999562e-01
3.000000000000000000e+00,4.720699999999999896e-01,-1.625199999999999978e-01,-7.497399999999999620e-01,-3.129399999999999959e-01
3.000000000000000000e+00,1.302300000000000124e-01,-3.761800000000000144e-01,-5.721100000000000074e-01,-3.316600000000000104e-01
3.000000000000000000e+00,-1.613400000000000112e-01,-3.410699999999999843e-01,-5.643399999999999528e-01,2.551900000000000002e-02
3.000000000000000000e+00,5.678600000000000314e-02,5.399600000000000233e-02,-4.413099999999999662e-02,1.443300000000000138e-01
3.000000000000000000e+00,3.569899999999999740e-01,1.464100000000000124e-01,-6.730099999999999971e-01,5.120799999999999796e-01
3.000000000000000000e+00,6.661899999999999489e-01,-3.277200000000000113e-01,-5.267800000000000260e-01,-3.911899999999999822e-01
3.000000000000000000e+00,1.549800000000000066e-01,-9.129800000000000137e-01,-7.386200000000000543e-01,-3.660000000000000059e-02
3.000000000000000000e+00,-5.351500000000000007e-02,-5.357199999999999740e-01,-4.900599999999999956e-01,-3.774100000000000232e-01
3.000000000000000000e+00,2.602200000000000069e-01,-2.926900000000000057e-01,-4.027399999999999869e-01,-1.154899999999999954e-01
3.000000000000000000e+00,-1.334799999999999875e-01,-1.174299999999999997e-02,-9.504100000000000048e-02,-3.391199999999999770e-01
3.000000000000000000e+00,-6.631800000000000195e-02,-1.432199999999999862e-01,-6.665400000000000214e-01,-3.969199999999999950e-01
3.000000000000000000e+00,5.443999999999999950e-01,-8.083200000000000107e-02,-8.335900000000000531e-01,1.182099999999999956e-01
3.000000000000000000e+00,4.036899999999999933e-01,1.030900000000000011e-01,-8.685500000000000442e-01,5.882500000000000506e-01
3.000000000000000000e+00,3.277300000000000213e-01,1.434700000000000038e-02,-9.287100000000000355e-01,-1.554699999999999971e-01
3.000000000000000000e+00,2.406000000000000083e-01,1.363800000000000082e-02,-3.610700000000000021e-01,1.130199999999999955e-02
3.000000000000000000e+00,-9.488299999999999512e-02,-2.483599999999999974e-01,-4.328400000000000025e-01,-2.193700000000000164e-02
3.000000000000000000e+00,-4.156099999999999794e-01,-4.913399999999999990e-01,-3.656900000000000150e-01,9.312800000000000245e-02
3.000000000000000000e+00,5.349800000000000111e-01,-2.688400000000000234e-01,-5.807200000000000140e-01,6.741199999999999970e-02
3.000000000000000000e+00,3.649700000000000166e-01,2.622499999999999831e-01,-3.294699999999999851e-01,1.953799999999999981e-01
3.000000000000000000e+00,1.930099999999999871e-02,-8.969399999999999595e-01,-8.070800000000000196e-01,-6.152999999999999581e-01
3.000000000000000000e+00,3.938099999999999934e-01,5.608699999999999797e-02,-7.029699999999999838e-01,2.845300000000000051e-01
3.000000000000000000e+00,2.918399999999999883e-01,-6.758499999999999508e-01,-3.385000000000000231e-01,2.066499999999999934e-02
3.000000000000000000e+00,7.181500000000000383e-02,6.094299999999999717e-02,-8.553600000000000092e-01,2.218199999999999894e-01
3.000000000000000000e+00,-1.745099999999999985e-01,-4.386599999999999944e-01,-9.884500000000000508e-01,-3.560699999999999976e-01
3.000000000000000000e+00,1.387799999999999867e-01,-2.518699999999999828e-01,-5.521500000000000297e-01,-2.416500000000000037e-01
3.000000000000000000e+00,4.123399999999999843e-01,-6.076000000000000290e-01,-7.102100000000000080e-01,-1.837900000000000089e-01
3.000000000000000000e+00,4.593999999999999750e-01,-2.179100000000000134e-02,-5.507900000000000018e-01,-4.041299999999999892e-01
3.000000000000000000e+00,6.705900000000000194e-01,-3.140399999999999858e-01,-6.034800000000000164e-01,-2.507599999999999829e-01
3.000000000000000000e+00,-7.195500000000000229e-01,-6.627999999999999448e-01,-6.538100000000000023e-01,-3.421100000000000252e-01
3.000000000000000000e+00,-8.979299999999999782e-02,-7.071199999999999708e-02,-1.042200000000000015e+00,2.888000000000000012e-01
3.000000000000000000e+00,9.243799999999999795e-01,5.169599999999999890e-02,-5.718699999999999894e-01,-3.513299999999999756e-01
3.000000000000000000e+00,-1.041300000000000003e-01,-1.465400000000000036e-02,-5.174299999999999455e-01,-6.476199999999999735e-01
3.000000000000000000e+00,-7.018299999999999539e-02,-2.163899999999999990e-01,-9.102100000000000468e-02,-2.876500000000000168e-01
3.000000000000000000e+00,3.385000000000000231e-01,-1.863700000000000079e-01,-7.226799999999999891e-01,-4.625900000000000012e-01
3.000000000000000000e+00,4.461100000000000065e-01,-2.881699999999999817e-01,-4.726000000000000201e-01,-5.799799999999999921e-03
3.000000000000000000e+00,-8.785500000000000254e-02,-4.675300000000000289e-02,-5.568999999999999506e-01,-4.037199999999999817e-02
3.000000000000000000e+00,7.398799999999999821e-01,9.125400000000000525e-03,-8.362300000000000288e-01,2.361999999999999933e-01
3.000000000000000000e+00,4.345800000000000218e-01,-5.936099999999999710e-01,-9.939400000000000457e-01,-1.361300000000000010e-01
3.000000000000000000e+00,8.237800000000000678e-02,-1.930699999999999916e-01,-5.854300000000000059e-01,-2.711999999999999966e-01
3.000000000000000000e+00,5.187100000000000044e-01,1.362099999999999977e-01,-6.705900000000000194e-01,-1.808899999999999952e-01
3.000000000000000000e+00,-7.690400000000000014e-03,-6.450599999999999667e-01,-6.613499999999999934e-01,-6.695600000000000440e-01
3.000000000000000000e+00,2.818800000000000125e-02,-1.638300000000000034e-01,-4.222199999999999842e-01,-1.570000000000000007e-01
3.000000000000000000e+00,7.696100000000000163e-01,7.698900000000000188e-02,-4.925100000000000033e-01,1.195900000000000019e-01
3.000000000000000000e+00,-3.487999999999999989e-01,-3.085399999999999809e-01,-7.963599999999999568e-01,-8.008800000000000641e-02
3.000000000000000000e+00,5.930100000000000371e-01,-1.332699999999999996e-01,-5.708800000000000541e-01,-2.173399999999999985e-02
3.000000000000000000e+00,3.681800000000000073e-01,-5.277600000000000069e-01,-9.042999999999999927e-01,-4.247000000000000219e-01
3.000000000000000000e+00,-4.465999999999999831e-02,-1.617200000000000026e-01,-3.814699999999999758e-01,-1.363000000000000045e-01
3.000000000000000000e+00,7.869099999999999706e-02,-7.712700000000000111e-01,-5.046000000000000485e-01,-3.796200000000000130e-01
3.000000000000000000e+00,2.005699999999999844e-02,-4.595099999999999740e-01,-2.269700000000000051e-01,-2.957500000000000129e-01
3.000000000000000000e+00,3.605200000000000071e-01,2.513900000000000023e-01,-8.776500000000000412e-01,6.382799999999999585e-02
3.000000000000000000e+00,-9.197000000000000314e-03,-7.681700000000000195e-01,-4.165699999999999958e-01,-3.267599999999999671e-02
3.000000000000000000e+00,1.939299999999999913e-01,-2.329100000000000059e-01,-6.972099999999999964e-01,-2.024299999999999988e-01
3.000000000000000000e+00,4.594900000000000095e-01,-4.313199999999999812e-01,-3.044100000000000139e-01,-2.948200000000000265e-01
3.000000000000000000e+00,2.571100000000000052e-01,3.206600000000000006e-01,-6.715999999999999748e-01,-1.193899999999999961e-01
3.000000000000000000e+00,2.327200000000000102e-01,-5.183499999999999774e-01,-4.791400000000000103e-01,-2.299799999999999900e-01
3.000000000000000000e+00,-2.580100000000000171e-01,-4.002000000000000002e-01,-6.352499999999999813e-01,-1.272699999999999942e-01
3.000000000000000000e+00,9.575699999999999490e-02,-1.421999999999999931e-01,-5.791800000000000281e-01,1.342299999999999882e-01
3.000000000000000000e+00,-3.470600000000000074e-02,-8.129699999999999427e-02,-7.814699999999999980e-01,2.156599999999999837e-03
3.000000000000000000e+00,5.578600000000000225e-01,-8.757500000000000007e-02,-4.418699999999999850e-01,-7.274999999999999523e-02
3.000000000000000000e+00,5.477800000000000447e-01,-3.080899999999999750e-01,-6.030600000000000405e-01,-5.193699999999999983e-01
3.000000000000000000e+00,1.424900000000000055e-01,-3.818099999999999827e-01,-6.472299999999999720e-01,1.334199999999999969e-02
3.000000000000000000e+00,3.634999999999999898e-01,-3.438499999999999890e-01,-3.617699999999999805e-01,-3.493299999999999739e-01
3.000000000000000000e+00,3.991299999999999848e-01,-6.583299999999999708e-01,-1.746900000000000119e-01,-6.488000000000000433e-01
3.000000000000000000e+00,1.669299999999999951e-01,-2.444399999999999906e-01,-6.651299999999999990e-01,-5.061099999999999488e-01
3.000000000000000000e+00,1.990200000000000025e-01,-7.612200000000000077e-01,-2.122999999999999887e-01,-6.920199999999999962e-02
3.000000000000000000e+00,-2.785699999999999843e-01,-3.274099999999999788e-01,-3.832999999999999741e-01,-4.401300000000000212e-01
3.000000000000000000e+00,2.472799999999999998e-01,-4.355899999999999772e-01,-8.723400000000000043e-01,-1.396900000000000086e-01
3.000000000000000000e+00,5.119400000000000339e-02,-7.410900000000000265e-01,-7.414199999999999680e-01,1.613499999999999934e-01
3.000000000000000000e+00,8.941799999999999748e-02,2.264700000000000046e-01,-5.975700000000000456e-01,1.061399999999999982e-01
3.000000000000000000e+00,-4.490700000000000247e-01,-6.860699999999999577e-01,-4.942400000000000126e-01,1.501099999999999934e-01
3.000000000000000000e+00,5.452000000000000179e-01,-3.310899999999999954e-01,-5.131999999999999895e-01,-4.067299999999999804e-01
3.000000000000000000e+00,4.285900000000000265e-01,1.260900000000000076e-01,-6.598699999999999566e-01,5.015499999999999819e-02
3.000000000000000000e+00,3.638000000000000123e-01,-6.335699999999999665e-01,-8.212699999999999445e-01,-4.672100000000000142e-01
3.000000000000000000e+00,4.639599999999999835e-01,-1.193300000000000055e-01,-3.763500000000000179e-01,-4.069400000000000100e-02
3.000000000000000000e+00,-7.510200000000000209e-02,-2.419699999999999906e-01,-4.812500000000000111e-01,8.742199999999999971e-02
3.000000000000000000e+00,-1.977899999999999936e-01,-6.700700000000000545e-01,-6.339099999999999735e-01,-1.300000000000000044e-01
3.000000000000000000e+00,4.047899999999999832e-01,-1.475200000000000122e-01,-3.962399999999999811e-01,6.220300000000000135e-02
3.000000000000000000e+00,2.948799999999999755e-01,-3.230100000000000193e-01,-3.730399999999999827e-01,-5.894499999999999740e-02
3.000000000000000000e+00,2.685299999999999909e-01,-1.767199999999999882e-01,-6.193100000000000271e-01,-2.636800000000000255e-01
3.000000000000000000e+00,6.085000000000000409e-01,1.059699999999999948e-01,-6.069299999999999695e-01,-2.295599999999999863e-01
3.000000000000000000e+00,1.721199999999999952e-01,-3.511000000000000232e-01,-3.623500000000000054e-01,-5.276699999999999724e-01
3.000000000000000000e+00,-4.330700000000000105e-01,-3.451199999999999823e-01,-4.649800000000000044e-01,6.869899999999999965e-03
