0.000000000000000000e+00,-3.648199999999999776e-01,-4.627999999999999892e-01,-2.221100000000000019e-01
0.000000000000000000e+00,-1.175800000000000040e-01,-5.696700000000000097e-01,-6.933700000000000419e-01
0.000000000000000000e+00,-3.911799999999999999e-02,-6.121799999999999464e-01,-4.218899999999999872e-01
0.000000000000000000e+00,-1.205499999999999974e-02,-1.965099999999999902e-01,-5.309599999999999875e-01
0.000000000000000000e+00,1.766500000000000015e-02,-4.550899999999999945e-01,-5.748400000000000176e-01
0.000000000000000000e+00,8.798300000000000565e-02,-3.149700000000000277e-01,-4.141299999999999981e-01
0.000000000000000000e+00,-5.072600000000000442e-01,-7.823600000000000554e-01,-5.777299999999999658e-01
0.000000000000000000e+00,5.282499999999999973e-01,-5.524700000000000166e-01,-7.780399999999999539e-01
0.000000000000000000e+00,4.411399999999999766e-01,-7.493699999999999806e-01,-5.090299999999999825e-01
0.000000000000000000e+00,2.531599999999999961e-01,-2.904800000000000160e-01,-3.808900000000000063e-01
0.000000000000000000e+00,6.078999999999999682e-02,-5.296300000000000452e-01,-5.204900000000000082e-01
0.000000000000000000e+00,-7.294599999999999973e-01,-6.964900000000000535e-01,-7.965299999999999603e-01
0.000000000000000000e+00,7.643699999999999939e-01,-3.421399999999999997e-01,-6.905799999999999716e-01
0.000000000000000000e+00,1.113699999999999968e-01,-8.155000000000000027e-01,-6.574200000000000044e-01
0.000000000000000000e+00,3.338599999999999901e-01,-1.941499999999999893e-01,-5.532000000000000250e-01
0.000000000000000000e+00,2.830900000000000083e-01,-3.202200000000000046e-01,-2.791600000000000192e-01
0.000000000000000000e+00,9.977800000000000558e-02,-3.135999999999999899e-01,-3.840299999999999825e-01
0.000000000000000000e+00,5.907099999999999573e-01,-6.253499999999999615e-01,-3.269000000000000239e-01
0.000000000000000000e+00,-3.318599999999999883e-01,-4.045400000000000107e-01,-7.559700000000000308e-01
0.000000000000000000e+00,2.835799999999999987e-01,-8.132500000000000284e-01,-2.358699999999999963e-01
0.000000000000000000e+00,-1.656299999999999994e-01,-7.404699999999999616e-01,-6.321999999999999842e-01
0.000000000000000000e+00,4.666699999999999737e-01,-5.444999999999999840e-01,-9.230599999999999916e-01
0.000000000000000000e+00,-1.554699999999999971e-01,-6.782299999999999995e-01,-3.015399999999999747e-01
0.000000000000000000e+00,7.674600000000000311e-01,-3.335899999999999976e-01,-1.286200000000000121e-01
0.000000000000000000e+00,3.507100000000000217e-01,-6.298899999999999499e-01,-4.618900000000000228e-01
0.000000000000000000e+00,-3.594100000000000072e-01,-8.823299999999999477e-01,-5.706099999999999506e-01
0.000000000000000000e+00,1.819999999999999951e-01,-3.985400000000000054e-01,-4.553499999999999770e-01
0.000000000000000000e+00,4.028599999999999959e-01,-8.616899999999999560e-01,-5.136300000000000310e-01
0.000000000000000000e+00,1.762600000000000000e-01,-5.271299999999999875e-01,-5.113199999999999967e-01
0.000000000000000000e+00,-5.874300000000000077e-01,-7.464399999999999924e-01,-4.455899999999999861e-01
0.000000000000000000e+00,6.530700000000000394e-01,-5.321399999999999464e-01,-5.340899999999999537e-01
0.000000000000000000e+00,-1.563900000000000012e-01,-7.631000000000000005e-01,-5.887599999999999500e-01
0.000000000000000000e+00,-1.525100000000000067e-01,-6.468500000000000361e-01,-7.302199999999999802e-01
0.000000000000000000e+00,-3.551300000000000012e-01,-8.131099999999999994e-01,-6.576499999999999568e-01
0.000000000000000000e+00,2.263199999999999934e-02,-3.378800000000000137e-01,-8.871200000000000196e-01
0.000000000000000000e+00,-3.872800000000000131e-01,-6.147500000000000187e-01,-6.079499999999999904e-01
0.000000000000000000e+00,-1.887700000000000142e-02,-7.715800000000000436e-01,-3.638399999999999967e-01
0.000000000000000000e+00,-3.076900000000000190e-01,-4.653100000000000014e-01,-1.936900000000000011e-01
0.000000000000000000e+00,-4.380100000000000104e-01,-2.783300000000000218e-01,-1.766300000000000092e-01
0.000000000000000000e+00,6.757600000000000273e-01,-2.475100000000000078e-01,-6.830000000000000515e-01
0.000000000000000000e+00,-1.038800000000000001e-01,-4.284100000000000130e-01,-4.464799999999999880e-01
0.000000000000000000e+00,-7.881099999999999772e-01,-6.762200000000000433e-01,-3.717699999999999894e-01
0.000000000000000000e+00,6.081199999999999939e-01,-4.485799999999999788e-01,-6.306199999999999584e-01
0.000000000000000000e+00,-7.656399999999999317e-02,-6.831700000000000550e-01,-2.780900000000000039e-01
0.000000000000000000e+00,1.368800000000000017e-01,-4.199800000000000200e-01,-1.677500000000000102e-01
0.000000000000000000e+00,4.942900000000000071e-02,-1.219200000000000006e-01,-7.073599999999999888e-01
0.000000000000000000e+00,-1.510299999999999976e-01,-1.995599999999999874e-01,-6.245199999999999640e-01
0.000000000000000000e+00,-4.093499999999999917e-01,-3.206800000000000206e-01,-5.265400000000000080e-01
0.000000000000000000e+00,3.301899999999999835e-01,-4.282799999999999940e-01,-6.811700000000000532e-01
0.000000000000000000e+00,1.245399999999999979e-01,-6.571200000000000374e-01,-6.713400000000000478e-01
0.000000000000000000e+00,2.044499999999999929e-01,-2.968999999999999972e-01,-4.678399999999999781e-01
0.000000000000000000e+00,-1.511299999999999866e-01,-3.459800000000000098e-01,-6.471599999999999575e-01
0.000000000000000000e+00,-1.058899999999999980e-01,-4.487300000000000177e-01,-4.745699999999999918e-01
0.000000000000000000e+00,1.037700000000000081e-02,-5.201299999999999812e-01,-8.754100000000000215e-01
0.000000000000000000e+00,2.503600000000000270e-01,-5.409000000000000474e-01,-5.286699999999999733e-01
0.000000000000000000e+00,-3.457299999999999818e-01,-2.052100000000000035e-01,-2.766199999999999770e-01
0.000000000000000000e+00,-7.562200000000000033e-01,-4.574099999999999833e-01,-3.233699999999999908e-01
0.000000000000000000e+00,2.417100000000000082e-01,-5.279099999999999904e-01,-5.914099999999999913e-01
0.000000000000000000e+00,-3.512000000000000122e-01,-3.886000000000000010e-01,-6.366899999999999782e-01
0.000000000000000000e+00,-3.026300000000000101e-01,-5.046100000000000030e-01,-4.300999999999999823e-01
0.000000000000000000e+00,1.450500000000000123e-01,-2.839400000000000257e-01,-5.979999999999999760e-01
0.000000000000000000e+00,6.204399999999999915e-01,-6.185899999999999732e-01,-3.814199999999999813e-01
0.000000000000000000e+00,-5.304600000000000426e-01,-1.369799999999999907e-01,-4.022899999999999809e-01
0.000000000000000000e+00,1.489000000000000046e-01,-3.653199999999999781e-01,-5.567199999999999926e-01
0.000000000000000000e+00,4.620900000000000007e-02,-6.992000000000000437e-01,-4.006700000000000261e-01
0.000000000000000000e+00,7.657199999999999562e-01,-7.022500000000000409e-01,-2.535600000000000076e-01
0.000000000000000000e+00,-4.900999999999999801e-01,-2.584899999999999975e-01,-3.307999999999999829e-01
0.000000000000000000e+00,6.797199999999999909e-01,-8.312500000000000444e-01,-2.584699999999999775e-01
0.000000000000000000e+00,1.102899999999999991e-01,-4.547300000000000231e-01,-6.430799999999999850e-01
0.000000000000000000e+00,5.792399999999999771e-01,-3.632400000000000073e-01,-6.426600000000000090e-01
0.000000000000000000e+00,-2.473799999999999888e-01,-6.457600000000000007e-01,-3.081900000000000195e-01
0.000000000000000000e+00,-7.335300000000000153e-01,-4.760099999999999887e-01,-1.980600000000000138e-01
0.000000000000000000e+00,1.521399999999999975e-01,-6.829300000000000370e-01,-5.975399999999999601e-01
0.000000000000000000e+00,1.656299999999999994e-01,-7.239499999999999824e-01,-6.997200000000000086e-01
0.000000000000000000e+00,-2.348300000000000110e-01,-6.585999999999999632e-01,-4.176900000000000057e-01
0.000000000000000000e+00,-9.119599999999999929e-02,-6.699300000000000255e-01,-5.437899999999999956e-01
0.000000000000000000e+00,5.956700000000000328e-01,-6.049200000000000133e-01,-3.336899999999999866e-01
0.000000000000000000e+00,-4.276099999999999901e-01,-6.585400000000000142e-01,-7.191600000000000215e-01
0.000000000000000000e+00,2.111300000000000121e-01,-4.008900000000000241e-01,-4.378000000000000225e-01
0.000000000000000000e+00,-4.668900000000000272e-01,-5.080700000000000216e-01,-5.266800000000000370e-01
0.000000000000000000e+00,5.976200000000000262e-02,-5.068000000000000282e-01,-7.425399999999999778e-01
0.000000000000000000e+00,-3.826700000000000101e-01,-6.640599999999999836e-01,-3.842800000000000105e-01
0.000000000000000000e+00,4.704699999999999993e-01,-3.296000000000000041e-01,-5.141400000000000137e-02
0.000000000000000000e+00,-3.816300000000000248e-01,-4.586799999999999766e-01,-5.384700000000000042e-01
0.000000000000000000e+00,2.586700000000000110e-01,-2.105400000000000049e-01,-5.649800000000000377e-01
0.000000000000000000e+00,8.627300000000000246e-02,-2.426399999999999946e-01,-5.512899999999999467e-01
0.000000000000000000e+00,5.488800000000000345e-01,-3.892999999999999794e-01,-4.304999999999999938e-01
0.000000000000000000e+00,2.492199999999999971e-01,-4.275499999999999856e-01,-5.761699999999999600e-01
0.000000000000000000e+00,2.747700000000000142e-01,-1.984100000000000030e-01,-4.553200000000000025e-01
0.000000000000000000e+00,4.174100000000000033e-01,-5.531000000000000361e-01,-4.013800000000000145e-01
0.000000000000000000e+00,-4.214499999999999913e-01,-6.581099999999999728e-01,-2.673300000000000121e-01
0.000000000000000000e+00,-2.727800000000000225e-01,-2.770900000000000030e-01,-2.577900000000000191e-01
0.000000000000000000e+00,7.709199999999999386e-02,-3.094100000000000183e-01,-1.912000000000000088e-01
0.000000000000000000e+00,-3.557400000000000007e-01,-1.807999999999999885e-01,-6.839499999999999469e-01
0.000000000000000000e+00,3.317699999999999816e-02,-6.245399999999999840e-01,-6.947699999999999987e-01
0.000000000000000000e+00,2.901000000000000245e-01,-5.629499999999999504e-01,-7.844999999999999751e-01
0.000000000000000000e+00,3.204099999999999726e-01,-3.664399999999999880e-01,-3.747900000000000120e-01
0.000000000000000000e+00,2.422199999999999909e-01,-2.523400000000000087e-01,-6.428399999999999670e-01
0.000000000000000000e+00,-4.809399999999999786e-01,-2.375599999999999934e-01,-6.759399999999999853e-01
0.000000000000000000e+00,-8.885400000000000242e-02,-2.550399999999999889e-01,-3.660499999999999865e-01
0.000000000000000000e+00,-5.259599999999999831e-01,-3.319300000000000028e-01,-3.118099999999999761e-01
0.000000000000000000e+00,3.725200000000000178e-01,-2.357899999999999996e-01,-3.309699999999999864e-01
0.000000000000000000e+00,5.276399999999999979e-01,-2.300599999999999867e-01,-3.408499999999999863e-01
0.000000000000000000e+00,2.267599999999999894e-01,-4.799999999999999822e-01,-8.063799999999999857e-01
0.000000000000000000e+00,1.057600000000000068e-01,-3.576300000000000034e-01,-4.692000000000000060e-01
0.000000000000000000e+00,1.667500000000000093e-01,-5.903899999999999704e-01,-7.136700000000000266e-01
1.000000000000000000e+00,-5.429699999999999527e-01,-6.889100000000000223e-01,4.713999999999999857e-01
1.000000000000000000e+00,-4.728700000000000125e-01,-8.879800000000000193e-02,6.009200000000000097e-01
1.000000000000000000e+00,-2.033200000000000007e-01,-7.367000000000000215e-01,3.726499999999999813e-01
1.000000000000000000e+00,-4.231199999999999961e-01,2.648499999999999743e-01,1.811200000000000032e-01
1.000000000000000000e+00,-3.192300000000000137e-01,-2.591899999999999760e-01,4.613499999999999823e-01
1.000000000000000000e+00,-2.927500000000000102e-01,3.926700000000000190e-01,7.832900000000000418e-01
1.000000000000000000e+00,-7.009800000000000475e-01,-2.565999999999999948e-01,4.102799999999999780e-01
1.000000000000000000e+00,-3.316600000000000104e-01,5.238500000000000378e-01,1.018700000000000022e-01
1.000000000000000000e+00,-6.380299999999999860e-01,1.387700000000000045e-02,7.743400000000000283e-01
1.000000000000000000e+00,-5.970400000000000151e-01,-4.887000000000000233e-01,4.860999999999999766e-01
1.000000000000000000e+00,-5.930800000000000516e-01,-1.964799999999999880e-02,3.313200000000000034e-01
1.000000000000000000e+00,-1.715099999999999958e-01,-4.037799999999999723e-01,7.728599999999999914e-01
1.000000000000000000e+00,-3.936100000000000154e-01,-2.665799999999999836e-01,5.068899999999999517e-01
1.000000000000000000e+00,-4.305499999999999883e-01,4.650900000000000034e-01,3.933300000000000129e-01
1.000000000000000000e+00,-7.320400000000000240e-01,-4.335800000000000209e-01,2.431599999999999873e-01
1.000000000000000000e+00,-6.662700000000000289e-01,-5.758400000000000185e-01,2.869499999999999829e-01
1.000000000000000000e+00,-4.933899999999999952e-01,-5.126199999999999646e-01,3.998800000000000132e-01
1.000000000000000000e+00,-1.629800000000000137e-01,7.235199999999999965e-02,3.848900000000000099e-01
1.000000000000000000e+00,-4.195200000000000040e-01,3.285199999999999787e-01,2.655100000000000238e-01
1.000000000000000000e+00,-6.468899999999999650e-01,9.199399999999999800e-01,7.481100000000000527e-01
1.000000000000000000e+00,-1.816200000000000037e-01,1.421900000000000108e-01,5.590000000000000524e-01
1.000000000000000000e+00,-2.745000000000000218e-01,3.632699999999999818e-01,5.383299999999999752e-01
1.000000000000000000e+00,-3.296700000000000186e-01,2.756899999999999906e-01,5.450099999999999945e-01
1.000000000000000000e+00,-3.498800000000000243e-01,1.663300000000000056e-01,2.815699999999999870e-01
1.000000000000000000e+00,-5.614299999999999846e-01,-2.342899999999999983e-01,2.125100000000000044e-01
1.000000000000000000e+00,-3.616500000000000270e-01,-3.141800000000000148e-01,3.096900000000000208e-01
1.000000000000000000e+00,-5.781300000000000328e-01,-1.311499999999999888e-01,3.494200000000000084e-01
1.000000000000000000e+00,-5.243100000000000538e-01,-5.014099999999999807e-02,6.690199999999999481e-01
1.000000000000000000e+00,-6.146399999999999642e-01,4.406200000000000117e-01,7.037299999999999667e-01
1.000000000000000000e+00,-8.167200000000000015e-01,4.122399999999999676e-02,4.001600000000000157e-01
1.000000000000000000e+00,-6.199999999999999956e-01,4.424499999999999961e-02,5.593900000000000539e-01
1.000000000000000000e+00,-8.931499999999999995e-01,1.565000000000000002e-01,1.502600000000000047e-01
1.000000000000000000e+00,-2.096899999999999875e-01,1.162200000000000039e-01,2.147000000000000020e-01
1.000000000000000000e+00,-5.782100000000000017e-01,-1.651100000000000068e-01,3.196499999999999897e-01
1.000000000000000000e+00,-3.247099999999999986e-01,-3.531299999999999994e-01,7.721700000000000230e-01
1.000000000000000000e+00,-6.583599999999999453e-01,-5.531099999999999905e-01,8.952099999999999502e-01
1.000000000000000000e+00,-6.583900000000000308e-01,-3.493100000000000094e-01,6.736299999999999510e-01
1.000000000000000000e+00,-4.321200000000000041e-01,6.921700000000000248e-03,3.465799999999999992e-01
1.000000000000000000e+00,-5.004300000000000415e-01,4.662200000000000233e-01,7.606199999999999628e-01
1.000000000000000000e+00,-5.885899999999999466e-01,7.943299999999999805e-01,6.797800000000000509e-01
1.000000000000000000e+00,-3.316000000000000059e-01,-7.829300000000000148e-02,7.877900000000000180e-02
1.000000000000000000e+00,-3.050499999999999878e-01,3.317800000000000193e-01,4.679699999999999971e-01
1.000000000000000000e+00,-2.490100000000000091e-01,-2.374999999999999889e-01,5.413299999999999779e-01
1.000000000000000000e+00,-1.849800000000000055e-01,-1.189800000000000024e-01,8.779400000000000537e-01
1.000000000000000000e+00,-4.436700000000000088e-01,9.329099999999999893e-02,5.340200000000000502e-01
1.000000000000000000e+00,-3.268300000000000094e-01,-7.198799999999999991e-03,7.938699999999999646e-01
1.000000000000000000e+00,-3.342200000000000171e-01,1.332699999999999996e-01,7.334800000000000209e-01
1.000000000000000000e+00,-7.944799999999999640e-01,-3.803400000000000114e-01,4.966400000000000259e-01
1.000000000000000000e+00,-5.144699999999999829e-01,-2.607599999999999918e-01,7.066999999999999948e-01
1.000000000000000000e+00,-7.907999999999999474e-01,-1.669899999999999857e-02,6.835999999999999854e-01
1.000000000000000000e+00,-6.986799999999999677e-01,-2.321900000000000075e-01,8.092300000000000049e-01
1.000000000000000000e+00,-6.174399999999999888e-01,5.651899999999999702e-01,6.097500000000000142e-01
1.000000000000000000e+00,-4.512100000000000000e-01,1.660899999999999876e-02,5.333299999999999708e-01
1.000000000000000000e+00,-7.770299999999999985e-01,-1.987400000000000000e-01,3.723199999999999843e-01
1.000000000000000000e+00,-7.160100000000000353e-01,-5.659199999999999786e-01,2.765699999999999825e-01
1.000000000000000000e+00,-3.399300000000000099e-01,-2.465299999999999991e-01,5.315100000000000380e-01
1.000000000000000000e+00,-6.068500000000000005e-01,-2.744400000000000173e-01,5.187500000000000444e-01
1.000000000000000000e+00,-3.111900000000000222e-01,1.930399999999999894e-01,7.124000000000000332e-01
1.000000000000000000e+00,-6.116399999999999615e-01,-4.432500000000000329e-02,3.561799999999999966e-01
1.000000000000000000e+00,-6.220999999999999863e-01,5.191199999999999981e-02,7.295700000000000518e-01
1.000000000000000000e+00,-2.559000000000000163e-01,6.527600000000000069e-01,2.052700000000000080e-01
1.000000000000000000e+00,-5.116600000000000037e-01,2.869099999999999984e-01,7.196000000000000174e-01
1.000000000000000000e+00,-4.494400000000000062e-01,2.900200000000000000e-01,3.432100000000000151e-01
1.000000000000000000e+00,-5.801199999999999690e-01,-3.057099999999999818e-01,8.386599999999999611e-01
1.000000000000000000e+00,-4.757700000000000262e-01,-2.741500000000000048e-01,5.666999999999999815e-01
1.000000000000000000e+00,-2.437699999999999867e-01,4.593099999999999961e-01,2.982299999999999951e-01
1.000000000000000000e+00,-4.749999999999999778e-01,-2.077799999999999925e-01,7.465000000000000524e-01
1.000000000000000000e+00,-5.817700000000000093e-01,3.946400000000000081e-03,6.431700000000000195e-01
1.000000000000000000e+00,-6.164500000000000535e-01,2.329400000000000082e-01,4.002600000000000047e-01
1.000000000000000000e+00,-3.650300000000000211e-01,-5.512500000000000039e-02,7.378599999999999604e-01
1.000000000000000000e+00,-3.155700000000000172e-01,6.139200000000000212e-01,5.286699999999999733e-01
1.000000000000000000e+00,-4.849499999999999922e-01,-3.869500000000000023e-02,2.567099999999999937e-01
1.000000000000000000e+00,-6.045300000000000118e-01,3.696900000000000186e-01,5.209300000000000042e-01
1.000000000000000000e+00,-4.114099999999999979e-01,6.633000000000000007e-01,5.054499999999999549e-01
1.000000000000000000e+00,-8.400699999999999834e-01,2.879599999999999937e-01,5.395999999999999686e-01
1.000000000000000000e+00,-4.658499999999999863e-01,-4.712200000000000277e-01,4.829200000000000159e-01
1.000000000000000000e+00,-3.684499999999999997e-01,3.725399999999999823e-01,3.129199999999999759e-01
1.000000000000000000e+00,-5.266499999999999515e-01,-4.401999999999999802e-01,5.184800000000000519e-01
1.000000000000000000e+00,-7.512699999999999934e-01,3.603700000000000236e-01,5.921399999999999997e-01
1.000000000000000000e+00,-5.059399999999999453e-01,3.712500000000000244e-01,6.457500000000000462e-01
1.000000000000000000e+00,-4.225800000000000112e-01,3.140399999999999858e-01,8.321499999999999453e-01
1.000000000000000000e+00,-5.756299999999999750e-01,2.803200000000000136e-01,3.666699999999999959e-01
1.000000000000000000e+00,-4.757199999999999762e-01,-5.039600000000000329e-02,5.469600000000000017e-01
1.000000000000000000e+00,-1.854600000000000137e-01,-3.391800000000000153e-04,9.270899999999999697e-01
1.000000000000000000e+00,-5.123600000000000376e-01,1.489999999999999936e-01,6.086399999999999588e-01
1.000000000000000000e+00,-2.350099999999999967e-01,3.911200000000000093e-02,3.683699999999999752e-01
1.000000000000000000e+00,-3.562100000000000266e-01,-1.325300000000000089e-01,7.382800000000000473e-01
1.000000000000000000e+00,-5.994199999999999529e-01,-5.645999999999999908e-01,3.528299999999999770e-01
1.000000000000000000e+00,-1.903400000000000092e-01,-5.268800000000000150e-01,2.346399999999999875e-01
1.000000000000000000e+00,-6.746400000000000174e-01,-1.171399999999999941e-01,2.743599999999999928e-01
1.000000000000000000e+00,-3.649000000000000021e-01,1.313499999999999945e-01,5.628999999999999559e-01
1.000000000000000000e+00,-1.988300000000000067e-01,-2.843100000000000072e-01,4.925599999999999978e-01
1.000000000000000000e+00,-3.865500000000000047e-01,1.985399999999999943e-01,4.383199999999999874e-01
1.000000000000000000e+00,-5.305299999999999461e-01,-2.335599999999999898e-01,1.656499999999999917e-01
1.000000000000000000e+00,-4.781500000000000195e-01,7.897800000000000376e-01,6.396199999999999664e-01
1.000000000000000000e+00,-7.877699999999999703e-01,-2.447300000000000031e-01,2.252899999999999903e-01
1.000000000000000000e+00,-5.786499999999999977e-01,4.444299999999999917e-01,4.019800000000000040e-01
1.000000000000000000e+00,-5.513799999999999812e-01,3.601699999999999902e-01,4.625500000000000167e-01
1.000000000000000000e+00,-8.324000000000000288e-01,-2.943100000000000160e-01,6.636999999999999567e-01
1.000000000000000000e+00,-6.452299999999999702e-01,7.282700000000000284e-02,5.434299999999999686e-01
1.000000000000000000e+00,-4.701299999999999923e-01,6.388199999999999434e-02,2.754800000000000026e-01
2.000000000000000000e+00,6.728699999999999681e-01,3.799199999999999799e-01,1.404199999999999893e-01
2.000000000000000000e+00,4.326200000000000045e-01,5.315499999999999670e-01,1.530300000000000063e-03
2.000000000000000000e+00,8.496099999999999763e-01,4.174300000000000233e-01,-9.671799999999999842e-02
2.000000000000000000e+00,9.028800000000000159e-01,7.525100000000000122e-01,3.508200000000000207e-01
2.000000000000000000e+00,3.710499999999999909e-01,3.558399999999999896e-01,-1.090399999999999980e-01
2.000000000000000000e+00,5.280000000000000249e-01,5.215300000000000491e-01,2.876600000000000268e-01
2.000000000000000000e+00,6.766299999999999537e-01,7.739200000000000523e-01,-1.687200000000000089e-01
2.000000000000000000e+00,5.646499999999999853e-01,3.101499999999999813e-01,-1.791800000000000059e-01
2.000000000000000000e+00,2.332400000000000029e-01,5.497900000000000009e-01,-4.853700000000000236e-01
2.000000000000000000e+00,5.021600000000000508e-01,8.158600000000000296e-01,-3.371299999999999852e-01
2.000000000000000000e+00,4.127399999999999958e-01,5.629199999999999759e-01,5.106600000000000028e-01
2.000000000000000000e+00,2.141500000000000070e-01,9.607099999999999529e-01,2.220900000000000096e-01
2.000000000000000000e+00,4.915499999999999869e-01,2.297099999999999975e-01,-4.822699999999999765e-01
2.000000000000000000e+00,2.887600000000000167e-01,6.057200000000000362e-01,-1.438200000000000034e-01
2.000000000000000000e+00,3.921200000000000241e-01,8.848200000000000509e-01,-7.012100000000000277e-02
2.000000000000000000e+00,2.101800000000000057e-01,4.834499999999999909e-01,7.522900000000000142e-01
2.000000000000000000e+00,4.023800000000000154e-01,4.387199999999999989e-01,-5.692800000000000082e-01
2.000000000000000000e+00,5.616799999999999571e-01,5.283799999999999608e-01,-1.744400000000000117e-01
2.000000000000000000e+00,5.473200000000000287e-01,4.248799999999999799e-01,3.196200000000000152e-01
2.000000000000000000e+00,4.129399999999999737e-01,2.997600000000000264e-01,2.167900000000000105e-01
2.000000000000000000e+00,6.273800000000000487e-01,3.841100000000000070e-01,1.032799999999999968e-01
2.000000000000000000e+00,3.093799999999999883e-01,6.393999999999999684e-01,4.372900000000000120e-01
2.000000000000000000e+00,6.908699999999999841e-01,7.171600000000000197e-01,2.395400000000000029e-01
2.000000000000000000e+00,3.103600000000000247e-01,4.756500000000000172e-01,4.502900000000000236e-01
2.000000000000000000e+00,8.913499999999999757e-01,7.695300000000000473e-01,4.660799999999999943e-01
2.000000000000000000e+00,2.214000000000000135e-01,2.982600000000000251e-01,-5.300500000000000211e-01
2.000000000000000000e+00,4.861199999999999966e-01,5.156199999999999672e-01,3.606400000000000161e-01
2.000000000000000000e+00,5.038700000000000401e-01,5.094600000000000239e-01,3.691900000000000182e-01
2.000000000000000000e+00,3.939699999999999869e-01,7.227999999999999980e-01,-2.792200000000000237e-01
2.000000000000000000e+00,3.393100000000000005e-01,8.731900000000000217e-01,-2.091200000000000003e-01
2.000000000000000000e+00,7.473300000000000498e-01,6.854799999999999782e-01,5.156699999999999617e-01
2.000000000000000000e+00,5.557699999999999863e-01,3.821300000000000252e-01,3.650999999999999801e-01
2.000000000000000000e+00,5.759499999999999620e-01,6.388500000000000290e-01,-1.257399999999999907e-01
2.000000000000000000e+00,4.843500000000000028e-01,3.725299999999999723e-01,-2.450400000000000078e-01
2.000000000000000000e+00,4.244200000000000195e-01,3.833199999999999941e-01,6.056200000000000472e-01
2.000000000000000000e+00,5.221999999999999975e-01,4.571000000000000063e-01,2.722300000000000275e-01
2.000000000000000000e+00,5.907999999999999918e-01,5.771800000000000264e-01,-2.242399999999999949e-02
2.000000000000000000e+00,5.669300000000000450e-01,2.820599999999999774e-01,1.732400000000000051e-01
2.000000000000000000e+00,5.961899999999999977e-01,3.599800000000000222e-01,1.990599999999999870e-01
2.000000000000000000e+00,8.566799999999999415e-02,7.733200000000000074e-01,5.348899999999999766e-01
2.000000000000000000e+00,7.709399999999999586e-01,3.259900000000000020e-01,6.729699999999999571e-01
2.000000000000000000e+00,7.653499999999999748e-01,2.872799999999999798e-01,8.216200000000000170e-01
2.000000000000000000e+00,5.173200000000000021e-01,2.998299999999999854e-01,6.999400000000000066e-02
2.000000000000000000e+00,8.453000000000000513e-01,4.620199999999999863e-01,-1.924599999999999922e-01
2.000000000000000000e+00,5.735299999999999843e-01,2.521599999999999953e-01,-2.139099999999999890e-01
2.000000000000000000e+00,3.216899999999999760e-01,5.540199999999999569e-01,6.203800000000000425e-01
2.000000000000000000e+00,5.634700000000000264e-01,4.658800000000000163e-01,5.997900000000000453e-01
2.000000000000000000e+00,1.939099999999999990e-01,6.006000000000000227e-01,-1.529000000000000081e-01
2.000000000000000000e+00,5.604599999999999582e-01,6.502799999999999692e-01,-3.199199999999999822e-01
2.000000000000000000e+00,6.451299999999999812e-01,7.111499999999999488e-01,4.769800000000000151e-01
2.000000000000000000e+00,4.926900000000000168e-01,3.025499999999999856e-01,3.044600000000000084e-01
2.000000000000000000e+00,7.889500000000000401e-01,8.387299999999999756e-01,1.628999999999999893e-01
2.000000000000000000e+00,4.947500000000000231e-01,6.496600000000000152e-01,-5.802399999999999919e-02
2.000000000000000000e+00,7.875199999999999978e-01,7.224800000000000111e-01,4.550299999999999900e-01
2.000000000000000000e+00,1.952699999999999991e-01,4.261699999999999933e-01,2.417799999999999949e-01
2.000000000000000000e+00,3.721300000000000163e-01,9.240800000000000125e-01,-2.163400000000000045e-01
2.000000000000000000e+00,7.341100000000000403e-01,4.212199999999999833e-01,-3.536699999999999844e-01
2.000000000000000000e+00,5.293700000000000072e-01,3.666200000000000014e-01,-6.883699999999999541e-02
2.000000000000000000e+00,2.576899999999999746e-01,4.654900000000000149e-01,-4.230400000000000271e-01
2.000000000000000000e+00,4.227699999999999791e-01,5.668499999999999650e-01,-5.369399999999999729e-01
2.000000000000000000e+00,8.652400000000000091e-01,2.660000000000000142e-01,2.176499999999999962e-02
2.000000000000000000e+00,7.383699999999999708e-01,7.799000000000000377e-01,5.326699999999999768e-01
2.000000000000000000e+00,5.131700000000000150e-01,2.535299999999999776e-01,1.905000000000000027e-01
2.000000000000000000e+00,2.389600000000000057e-01,2.029400000000000093e-01,1.817499999999999949e-01
2.000000000000000000e+00,5.828100000000000502e-01,6.202299999999999480e-01,5.196800000000000030e-02
2.000000000000000000e+00,4.470799999999999774e-01,4.697799999999999754e-01,-1.410600000000000048e-02
2.000000000000000000e+00,9.156100000000000350e-01,2.776100000000000234e-01,-3.434499999999999775e-01
2.000000000000000000e+00,4.875099999999999989e-01,5.934300000000000130e-01,5.339300000000000296e-02
2.000000000000000000e+00,6.067399999999999460e-01,3.722300000000000053e-01,1.885600000000000123e-02
2.000000000000000000e+00,7.711900000000000421e-01,2.878299999999999748e-01,7.577599999999999891e-01
2.000000000000000000e+00,1.498899999999999955e-01,6.150600000000000511e-01,2.034199999999999897e-01
2.000000000000000000e+00,7.326799999999999979e-01,5.372999999999999998e-01,3.874699999999999811e-01
2.000000000000000000e+00,7.298999999999999932e-01,6.161799999999999500e-01,-4.602800000000000225e-01
2.000000000000000000e+00,2.227200000000000013e-01,6.675900000000000167e-01,4.512599999999999945e-02
2.000000000000000000e+00,8.713800000000000434e-01,3.766300000000000203e-01,2.124399999999999900e-01
2.000000000000000000e+00,2.499500000000000055e-01,4.365800000000000236e-01,-6.038700000000000179e-01
2.000000000000000000e+00,4.171799999999999953e-01,9.119399999999999729e-01,-2.624199999999999866e-01
2.000000000000000000e+00,3.227900000000000214e-01,2.281199999999999894e-01,-4.280499999999999861e-01
2.000000000000000000e+00,6.517100000000000115e-01,2.934200000000000141e-01,4.339999999999999969e-01
2.000000000000000000e+00,2.134800000000000031e-01,4.334899999999999864e-01,-1.328900000000000081e-01
2.000000000000000000e+00,8.593600000000000128e-01,3.241499999999999937e-01,-7.517400000000000471e-02
2.000000000000000000e+00,3.529599999999999960e-01,6.040699999999999958e-01,3.306999999999999940e-01
2.000000000000000000e+00,9.153999999999999915e-01,6.081900000000000084e-01,8.083999999999999173e-03
2.000000000000000000e+00,3.733400000000000052e-01,6.142699999999999827e-01,-2.476200000000000068e-01
2.000000000000000000e+00,7.598300000000000054e-01,7.874400000000000288e-01,-3.690599999999999992e-01
2.000000000000000000e+00,1.550600000000000034e-01,4.324200000000000266e-01,1.388000000000000067e-01
2.000000000000000000e+00,4.710500000000000242e-01,5.204800000000000537e-01,5.202099999999999502e-01
2.000000000000000000e+00,4.664499999999999758e-01,1.457600000000000007e-01,4.537200000000000122e-01
2.000000000000000000e+00,2.247399999999999953e-01,4.793100000000000138e-01,-1.712699999999999986e-02
2.000000000000000000e+00,3.267300000000000204e-01,3.773000000000000242e-01,4.744399999999999729e-01
2.000000000000000000e+00,6.964000000000000190e-01,7.207200000000000273e-01,1.718499999999999889e-02
2.000000000000000000e+00,3.164399999999999991e-01,6.733000000000000096e-01,-5.821699999999999653e-01
2.000000000000000000e+00,3.647000000000000242e-01,6.844299999999999828e-01,5.939900000000000180e-01
2.000000000000000000e+00,5.739199999999999857e-01,4.512700000000000045e-01,2.666600000000000081e-01
2.000000000000000000e+00,4.369899999999999896e-01,6.769100000000000117e-01,-6.729899999999999771e-01
2.000000000000000000e+00,8.467700000000000227e-01,4.449500000000000122e-01,-1.988999999999999935e-01
2.000000000000000000e+00,4.309299999999999797e-01,7.199299999999999589e-01,-4.302599999999999758e-01
2.000000000000000000e+00,8.530100000000000460e-01,6.957200000000000051e-01,-6.930900000000000255e-03
2.000000000000000000e+00,6.340200000000000280e-01,5.337899999999999867e-01,1.991999999999999882e-01
2.000000000000000000e+00,2.782000000000000028e-01,9.246100000000000430e-01,-4.044800000000000062e-01
2.000000000000000000e+00,6.145899999999999697e-01,4.660900000000000043e-01,2.974800000000000222e-01
2.000000000000000000e+00,3.829699999999999771e-01,3.482000000000000095e-01,5.671300000000000230e-01
